/*
SQLyog Ultimate v12.08 (64 bit)
MySQL - 5.7.16-log : Database - ereport
*********************************************************************
*/

/*!40101 SET NAMES utf8 */;

/*!40101 SET SQL_MODE=''*/;

/*!40014 SET @OLD_UNIQUE_CHECKS=@@UNIQUE_CHECKS, UNIQUE_CHECKS=0 */;
/*!40014 SET @OLD_FOREIGN_KEY_CHECKS=@@FOREIGN_KEY_CHECKS, FOREIGN_KEY_CHECKS=0 */;
/*!40101 SET @OLD_SQL_MODE=@@SQL_MODE, SQL_MODE='NO_AUTO_VALUE_ON_ZERO' */;
/*!40111 SET @OLD_SQL_NOTES=@@SQL_NOTES, SQL_NOTES=0 */;
CREATE DATABASE /*!32312 IF NOT EXISTS*/`ereport` /*!40100 DEFAULT CHARACTER SET utf8 */;

USE `ereport`;

/*Table structure for table `databasesource` */

DROP TABLE IF EXISTS `databasesource`;

CREATE TABLE `databasesource` (
  `datasource_id` varchar(255) DEFAULT NULL COMMENT 'æ•°æ®æºçš„id',
  `url` varchar(255) DEFAULT NULL COMMENT 'è¿æ¥ä¿¡æ¯',
  `user_name` varchar(255) DEFAULT NULL COMMENT 'ç”¨æˆ·å',
  `pass_word` varchar(255) DEFAULT NULL COMMENT 'å¯†ç ',
  `code` varchar(255) DEFAULT NULL COMMENT 'æš‚ç•™å­—æ®µ',
  `databasetype` varchar(255) DEFAULT NULL COMMENT 'æ•°æ®åº“ç±»å‹'
) ENGINE=InnoDB DEFAULT CHARSET=utf8 ROW_FORMAT=DYNAMIC;

/*Data for the table `databasesource` */

/*Table structure for table `db_info` */

DROP TABLE IF EXISTS `db_info`;

CREATE TABLE `db_info` (
  `id` bigint(20) NOT NULL AUTO_INCREMENT,
  `name` varchar(64) DEFAULT NULL COMMENT 'æ•°æ®æºåç§°',
  `db_name` varchar(64) DEFAULT NULL COMMENT 'æ•°æ®åº“åç§°',
  `db_ip` varchar(64) DEFAULT NULL COMMENT 'æ•°æ®åº“æœåŠ¡å™¨ip',
  `db_port` varchar(64) DEFAULT NULL COMMENT 'æ•°æ®åº“ç«¯å£',
  `db_user` varchar(64) DEFAULT NULL COMMENT 'æ•°æ®åº“è´¦å·',
  `db_passwd` varchar(64) DEFAULT NULL COMMENT 'å¯†ç ',
  `db_driver_class_name` varchar(64) DEFAULT NULL COMMENT 'jdbcé©±åŠ¨',
  `url` varchar(128) DEFAULT NULL COMMENT 'è¿æ¥å­—ç¬¦ä¸²',
  `db_type` varchar(32) DEFAULT NULL COMMENT 'æ•°æ®åº“ç±»å‹ mysql oracle sqlserver',
  `remark` varchar(255) DEFAULT '' COMMENT 'å¤‡æ³¨',
  `create_by` bigint(20) DEFAULT NULL COMMENT 'åˆ›å»ºäººid',
  `create_time` datetime DEFAULT NULL COMMENT 'åˆ›å»ºæ—¶é—´',
  `update_by` bigint(20) DEFAULT NULL COMMENT 'æœ€åä¿®æ”¹äºº',
  `update_time` datetime DEFAULT NULL COMMENT 'æœ€åä¿®æ”¹æ—¶é—´',
  `del_flag` char(1) DEFAULT '0' COMMENT 'åˆ é™¤æ ‡å¿—ï¼ˆ0ä»£è¡¨å­˜åœ¨ 2ä»£è¡¨åˆ é™¤ï¼‰',
  PRIMARY KEY (`id`)
) ENGINE=InnoDB AUTO_INCREMENT=9 DEFAULT CHARSET=utf8;

/*Data for the table `db_info` */

insert  into `db_info`(`id`,`name`,`db_name`,`db_ip`,`db_port`,`db_user`,`db_passwd`,`db_driver_class_name`,`url`,`db_type`,`remark`,`create_by`,`create_time`,`update_by`,`update_time`,`del_flag`) values (1,'æµ‹è¯•æ•°æ®æº1','test2','192.168.0.109','3306','root','dz007','com.mysql.jdbc.Driver','jdbc:mysql://localhost:3306/ereport?characterEncoding=utf-8&zeroDateTimeBehavior=convertToNull','mysql',NULL,NULL,NULL,NULL,NULL,'0'),(2,'æµ‹è¯•æ•°æ®æº2','test3','192.168.0.109','3306','root','dz007','com.mysql.jdbc.Driver','jdbc:mysql://localhost:3306/ereport?characterEncoding=utf-8&zeroDateTimeBehavior=convertToNull','mysql',NULL,NULL,NULL,NULL,NULL,'0'),(3,'æµ‹è¯•','test4','127.0.0.1','1521',NULL,NULL,'oracle.jdbc.OracleDriver','jdbc:oracle:thin:@10.1.255.200:1521:orcl','oracle',NULL,NULL,NULL,NULL,NULL,'0'),(4,'ERPæ•°æ®æºt6','dhh','192.168.0.109','1433','sa','as','com.microsoft.sqlserver.jdbc.SQLServerDriver','jdbc:sqlserver://192.168.0.189:1433; DatabaseName=sample','mysql',NULL,NULL,NULL,1,'2020-04-22 16:57:58','0');

/*Table structure for table `qrtz_blob_triggers` */

DROP TABLE IF EXISTS `qrtz_blob_triggers`;

CREATE TABLE `qrtz_blob_triggers` (
  `sched_name` varchar(120) NOT NULL,
  `trigger_name` varchar(200) NOT NULL,
  `trigger_group` varchar(200) NOT NULL,
  `blob_data` blob,
  PRIMARY KEY (`sched_name`,`trigger_name`,`trigger_group`) USING BTREE,
  CONSTRAINT `QRTZ_BLOB_TRIGGERS_ibfk_1` FOREIGN KEY (`sched_name`, `trigger_name`, `trigger_group`) REFERENCES `qrtz_triggers` (`sched_name`, `trigger_name`, `trigger_group`)
) ENGINE=InnoDB DEFAULT CHARSET=utf8;

/*Data for the table `qrtz_blob_triggers` */

/*Table structure for table `qrtz_calendars` */

DROP TABLE IF EXISTS `qrtz_calendars`;

CREATE TABLE `qrtz_calendars` (
  `sched_name` varchar(120) NOT NULL,
  `calendar_name` varchar(200) NOT NULL,
  `calendar` blob NOT NULL,
  PRIMARY KEY (`sched_name`,`calendar_name`) USING BTREE
) ENGINE=InnoDB DEFAULT CHARSET=utf8;

/*Data for the table `qrtz_calendars` */

/*Table structure for table `qrtz_cron_triggers` */

DROP TABLE IF EXISTS `qrtz_cron_triggers`;

CREATE TABLE `qrtz_cron_triggers` (
  `sched_name` varchar(120) NOT NULL,
  `trigger_name` varchar(200) NOT NULL,
  `trigger_group` varchar(200) NOT NULL,
  `cron_expression` varchar(200) NOT NULL,
  `time_zone_id` varchar(80) DEFAULT NULL,
  PRIMARY KEY (`sched_name`,`trigger_name`,`trigger_group`) USING BTREE,
  CONSTRAINT `QRTZ_CRON_TRIGGERS_ibfk_1` FOREIGN KEY (`sched_name`, `trigger_name`, `trigger_group`) REFERENCES `qrtz_triggers` (`sched_name`, `trigger_name`, `trigger_group`)
) ENGINE=InnoDB DEFAULT CHARSET=utf8;

/*Data for the table `qrtz_cron_triggers` */

insert  into `qrtz_cron_triggers`(`sched_name`,`trigger_name`,`trigger_group`,`cron_expression`,`time_zone_id`) values ('RuoyiScheduler','__TASK_CLASS_NAME__3','DEFAULT','0/20 * * * * ?','Asia/Shanghai');

/*Table structure for table `qrtz_fired_triggers` */

DROP TABLE IF EXISTS `qrtz_fired_triggers`;

CREATE TABLE `qrtz_fired_triggers` (
  `sched_name` varchar(120) NOT NULL,
  `entry_id` varchar(95) NOT NULL,
  `trigger_name` varchar(200) NOT NULL,
  `trigger_group` varchar(200) NOT NULL,
  `instance_name` varchar(200) NOT NULL,
  `fired_time` bigint(13) NOT NULL,
  `sched_time` bigint(13) NOT NULL,
  `priority` int(11) NOT NULL,
  `state` varchar(16) NOT NULL,
  `job_name` varchar(200) DEFAULT NULL,
  `job_group` varchar(200) DEFAULT NULL,
  `is_nonconcurrent` varchar(1) DEFAULT NULL,
  `requests_recovery` varchar(1) DEFAULT NULL,
  PRIMARY KEY (`sched_name`,`entry_id`) USING BTREE
) ENGINE=InnoDB DEFAULT CHARSET=utf8;

/*Data for the table `qrtz_fired_triggers` */

/*Table structure for table `qrtz_job_details` */

DROP TABLE IF EXISTS `qrtz_job_details`;

CREATE TABLE `qrtz_job_details` (
  `sched_name` varchar(120) NOT NULL,
  `job_name` varchar(200) NOT NULL,
  `job_group` varchar(200) NOT NULL,
  `description` varchar(250) DEFAULT NULL,
  `job_class_name` varchar(250) NOT NULL,
  `is_durable` varchar(1) NOT NULL,
  `is_nonconcurrent` varchar(1) NOT NULL,
  `is_update_data` varchar(1) NOT NULL,
  `requests_recovery` varchar(1) NOT NULL,
  `job_data` blob,
  PRIMARY KEY (`sched_name`,`job_name`,`job_group`) USING BTREE
) ENGINE=InnoDB DEFAULT CHARSET=utf8;

/*Data for the table `qrtz_job_details` */

insert  into `qrtz_job_details`(`sched_name`,`job_name`,`job_group`,`description`,`job_class_name`,`is_durable`,`is_nonconcurrent`,`is_update_data`,`requests_recovery`,`job_data`) values ('DongzheScheduler','__TASK_CLASS_NAME__3','DEFAULT',NULL,'com.dongzhe.quartz.util.ScheduleJob','0','1','0','0','¬í\0sr\0org.quartz.JobDataMapŸ°ƒè¿©°Ë\0\0xr\0&org.quartz.utils.StringKeyDirtyFlagMap‚èÃûÅ](\0Z\0allowsTransientDataxr\0org.quartz.utils.DirtyFlagMapæ.­(v\nÎ\0Z\0dirtyL\0mapt\0Ljava/util/Map;xpsr\0java.util.HashMapÚÁÃ`Ñ\0F\0\nloadFactorI\0	thresholdxp?@\0\0\0\0\0w\0\0\0\0\0\0t\0__TASK_PROPERTIES__sr\0!com.boshland.quartz.domain.SysJob\0\0\0\0\0\0\0\0L\0cronExpressiont\0Ljava/lang/String;L\0jobGroupq\0~\0	L\0jobIdt\0Ljava/lang/Long;L\0jobNameq\0~\0	L\0\nmethodNameq\0~\0	L\0methodParamsq\0~\0	L\0\rmisfirePolicyq\0~\0	L\0statusq\0~\0	xr\0#com.boshland.common.base.BaseEntity\0\0\0\0\0\0\0\0L\0createByq\0~\0	L\0\ncreateTimet\0Ljava/util/Date;L\0paramsq\0~\0L\0remarkq\0~\0	L\0searchValueq\0~\0	L\0updateByq\0~\0	L\0\nupdateTimeq\0~\0xpt\0adminsr\0java.util.DatehjKYt\0\0xpw\0\0hÛ€xpt\0\0pppt\00/20 * * * * ?t\0ç³»ç»Ÿé»˜è®¤ï¼ˆæœ‰å‚æ•°ï¼‰sr\0java.lang.Long;‹äÌ#ß\0J\0valuexr\0java.lang.Number†¬•”à‹\0\0xp\0\0\0\0\0\0\0t\0bTaskt\0\nryNoParamspt\01t\01x\0'),('RuoyiScheduler','__TASK_CLASS_NAME__3','DEFAULT',NULL,'com.dongzhe.quartz.util.ScheduleJob','0','1','0','0','¬í\0sr\0org.quartz.JobDataMapŸ°ƒè¿©°Ë\0\0xr\0&org.quartz.utils.StringKeyDirtyFlagMap‚èÃûÅ](\0Z\0allowsTransientDataxr\0org.quartz.utils.DirtyFlagMapæ.­(v\nÎ\0Z\0dirtyL\0mapt\0Ljava/util/Map;xpsr\0java.util.HashMapÚÁÃ`Ñ\0F\0\nloadFactorI\0	thresholdxp?@\0\0\0\0\0w\0\0\0\0\0\0t\0__TASK_PROPERTIES__sr\0!com.boshland.quartz.domain.SysJob\0\0\0\0\0\0\0\0L\0cronExpressiont\0Ljava/lang/String;L\0jobGroupq\0~\0	L\0jobIdt\0Ljava/lang/Long;L\0jobNameq\0~\0	L\0\nmethodNameq\0~\0	L\0methodParamsq\0~\0	L\0\rmisfirePolicyq\0~\0	L\0statusq\0~\0	xr\0#com.boshland.common.base.BaseEntity\0\0\0\0\0\0\0\0L\0createByq\0~\0	L\0\ncreateTimet\0Ljava/util/Date;L\0paramsq\0~\0L\0remarkq\0~\0	L\0searchValueq\0~\0	L\0updateByq\0~\0	L\0\nupdateTimeq\0~\0xpt\0adminppt\0\0pppt\00/20 * * * * ?t\0ç³»ç»Ÿé»˜è®¤ï¼ˆæœ‰å‚æ•°ï¼‰sr\0java.lang.Long;‹äÌ#ß\0J\0valuexr\0java.lang.Number†¬•”à‹\0\0xp\0\0\0\0\0\0\0t\0bTaskt\0\nryNoParamst\0\0t\01t\01x\0');

/*Table structure for table `qrtz_locks` */

DROP TABLE IF EXISTS `qrtz_locks`;

CREATE TABLE `qrtz_locks` (
  `sched_name` varchar(120) NOT NULL,
  `lock_name` varchar(40) NOT NULL,
  PRIMARY KEY (`sched_name`,`lock_name`) USING BTREE
) ENGINE=InnoDB DEFAULT CHARSET=utf8;

/*Data for the table `qrtz_locks` */

insert  into `qrtz_locks`(`sched_name`,`lock_name`) values ('DongzheScheduler','STATE_ACCESS'),('DongzheScheduler','TRIGGER_ACCESS'),('RuoyiScheduler','STATE_ACCESS'),('RuoyiScheduler','TRIGGER_ACCESS');

/*Table structure for table `qrtz_paused_trigger_grps` */

DROP TABLE IF EXISTS `qrtz_paused_trigger_grps`;

CREATE TABLE `qrtz_paused_trigger_grps` (
  `sched_name` varchar(120) NOT NULL,
  `trigger_group` varchar(200) NOT NULL,
  PRIMARY KEY (`sched_name`,`trigger_group`) USING BTREE
) ENGINE=InnoDB DEFAULT CHARSET=utf8;

/*Data for the table `qrtz_paused_trigger_grps` */

/*Table structure for table `qrtz_scheduler_state` */

DROP TABLE IF EXISTS `qrtz_scheduler_state`;

CREATE TABLE `qrtz_scheduler_state` (
  `sched_name` varchar(120) NOT NULL,
  `instance_name` varchar(200) NOT NULL,
  `last_checkin_time` bigint(13) NOT NULL,
  `checkin_interval` bigint(13) NOT NULL,
  PRIMARY KEY (`sched_name`,`instance_name`) USING BTREE
) ENGINE=InnoDB DEFAULT CHARSET=utf8;

/*Data for the table `qrtz_scheduler_state` */

insert  into `qrtz_scheduler_state`(`sched_name`,`instance_name`,`last_checkin_time`,`checkin_interval`) values ('DongzheScheduler','DESKTOP-I5S59CH1587545810064',15875477800,15000),('RuoyiScheduler','DESKTOP-6V2VLT71549865885139',15498661600,15000);

/*Table structure for table `qrtz_simple_triggers` */

DROP TABLE IF EXISTS `qrtz_simple_triggers`;

CREATE TABLE `qrtz_simple_triggers` (
  `sched_name` varchar(120) NOT NULL,
  `trigger_name` varchar(200) NOT NULL,
  `trigger_group` varchar(200) NOT NULL,
  `repeat_count` bigint(7) NOT NULL,
  `repeat_interval` bigint(12) NOT NULL,
  `times_triggered` bigint(10) NOT NULL,
  PRIMARY KEY (`sched_name`,`trigger_name`,`trigger_group`) USING BTREE,
  CONSTRAINT `QRTZ_SIMPLE_TRIGGERS_ibfk_1` FOREIGN KEY (`sched_name`, `trigger_name`, `trigger_group`) REFERENCES `qrtz_triggers` (`sched_name`, `trigger_name`, `trigger_group`)
) ENGINE=InnoDB DEFAULT CHARSET=utf8;

/*Data for the table `qrtz_simple_triggers` */

/*Table structure for table `qrtz_simprop_triggers` */

DROP TABLE IF EXISTS `qrtz_simprop_triggers`;

CREATE TABLE `qrtz_simprop_triggers` (
  `sched_name` varchar(120) NOT NULL,
  `trigger_name` varchar(200) NOT NULL,
  `trigger_group` varchar(200) NOT NULL,
  `str_prop_1` varchar(512) DEFAULT NULL,
  `str_prop_2` varchar(512) DEFAULT NULL,
  `str_prop_3` varchar(512) DEFAULT NULL,
  `int_prop_1` int(11) DEFAULT NULL,
  `int_prop_2` int(11) DEFAULT NULL,
  `long_prop_1` bigint(20) DEFAULT NULL,
  `long_prop_2` bigint(20) DEFAULT NULL,
  `dec_prop_1` decimal(13,4) DEFAULT NULL,
  `dec_prop_2` decimal(13,4) DEFAULT NULL,
  `bool_prop_1` varchar(1) DEFAULT NULL,
  `bool_prop_2` varchar(1) DEFAULT NULL,
  PRIMARY KEY (`sched_name`,`trigger_name`,`trigger_group`) USING BTREE,
  CONSTRAINT `QRTZ_SIMPROP_TRIGGERS_ibfk_1` FOREIGN KEY (`sched_name`, `trigger_name`, `trigger_group`) REFERENCES `qrtz_triggers` (`sched_name`, `trigger_name`, `trigger_group`)
) ENGINE=InnoDB DEFAULT CHARSET=utf8;

/*Data for the table `qrtz_simprop_triggers` */

/*Table structure for table `qrtz_triggers` */

DROP TABLE IF EXISTS `qrtz_triggers`;

CREATE TABLE `qrtz_triggers` (
  `sched_name` varchar(120) NOT NULL,
  `trigger_name` varchar(200) NOT NULL,
  `trigger_group` varchar(200) NOT NULL,
  `job_name` varchar(200) NOT NULL,
  `job_group` varchar(200) NOT NULL,
  `description` varchar(250) DEFAULT NULL,
  `next_fire_time` bigint(13) DEFAULT NULL,
  `prev_fire_time` bigint(13) DEFAULT NULL,
  `priority` int(11) DEFAULT NULL,
  `trigger_state` varchar(16) NOT NULL,
  `trigger_type` varchar(8) NOT NULL,
  `start_time` bigint(13) NOT NULL,
  `end_time` bigint(13) DEFAULT NULL,
  `calendar_name` varchar(200) DEFAULT NULL,
  `misfire_instr` smallint(2) DEFAULT NULL,
  `job_data` blob,
  PRIMARY KEY (`sched_name`,`trigger_name`,`trigger_group`) USING BTREE,
  KEY `sched_name` (`sched_name`,`job_name`,`job_group`) USING BTREE,
  CONSTRAINT `QRTZ_TRIGGERS_ibfk_1` FOREIGN KEY (`sched_name`, `job_name`, `job_group`) REFERENCES `qrtz_job_details` (`sched_name`, `job_name`, `job_group`)
) ENGINE=InnoDB DEFAULT CHARSET=utf8;

/*Data for the table `qrtz_triggers` */

insert  into `qrtz_triggers`(`sched_name`,`trigger_name`,`trigger_group`,`job_name`,`job_group`,`description`,`next_fire_time`,`prev_fire_time`,`priority`,`trigger_state`,`trigger_type`,`start_time`,`end_time`,`calendar_name`,`misfire_instr`,`job_data`) values ('RuoyiScheduler','__TASK_CLASS_NAME__3','DEFAULT','__TASK_CLASS_NAME__3','DEFAULT',NULL,1549864080000,-1,5,'PAUSED','CRON',1549864080000,0,NULL,-1,'¬í\0sr\0org.quartz.JobDataMapŸ°ƒè¿©°Ë\0\0xr\0&org.quartz.utils.StringKeyDirtyFlagMap‚èÃûÅ](\0Z\0allowsTransientDataxr\0org.quartz.utils.DirtyFlagMapæ.­(v\nÎ\0Z\0dirtyL\0mapt\0Ljava/util/Map;xpsr\0java.util.HashMapÚÁÃ`Ñ\0F\0\nloadFactorI\0	thresholdxp?@\0\0\0\0\0w\0\0\0\0\0\0t\0__TASK_PROPERTIES__sr\0!com.boshland.quartz.domain.SysJob\0\0\0\0\0\0\0\0L\0cronExpressiont\0Ljava/lang/String;L\0jobGroupq\0~\0	L\0jobIdt\0Ljava/lang/Long;L\0jobNameq\0~\0	L\0\nmethodNameq\0~\0	L\0methodParamsq\0~\0	L\0\rmisfirePolicyq\0~\0	L\0statusq\0~\0	xr\0#com.boshland.common.base.BaseEntity\0\0\0\0\0\0\0\0L\0createByq\0~\0	L\0\ncreateTimet\0Ljava/util/Date;L\0paramsq\0~\0L\0remarkq\0~\0	L\0searchValueq\0~\0	L\0updateByq\0~\0	L\0\nupdateTimeq\0~\0xpt\0adminsr\0java.util.DatehjKYt\0\0xpw\0\0hÛ€xpt\0\0pppt\00/20 * * * * ?t\0ç³»ç»Ÿé»˜è®¤ï¼ˆæœ‰å‚æ•°ï¼‰sr\0java.lang.Long;‹äÌ#ß\0J\0valuexr\0java.lang.Number†¬•”à‹\0\0xp\0\0\0\0\0\0\0t\0bTaskt\0\nryNoParamspt\01t\01x\0');

/*Table structure for table `sys_config` */

DROP TABLE IF EXISTS `sys_config`;

CREATE TABLE `sys_config` (
  `config_id` int(5) NOT NULL AUTO_INCREMENT COMMENT 'å‚æ•°ä¸»é”®',
  `config_name` varchar(100) DEFAULT '' COMMENT 'å‚æ•°åç§°',
  `config_key` varchar(100) DEFAULT '' COMMENT 'å‚æ•°é”®å',
  `config_value` varchar(100) DEFAULT '' COMMENT 'å‚æ•°é”®å€¼',
  `config_type` char(1) DEFAULT 'N' COMMENT 'ç³»ç»Ÿå†…ç½®ï¼ˆYæ˜¯ Nå¦ï¼‰',
  `create_by` varchar(64) DEFAULT '' COMMENT 'åˆ›å»ºè€…',
  `create_time` datetime DEFAULT NULL COMMENT 'åˆ›å»ºæ—¶é—´',
  `update_by` varchar(64) DEFAULT '' COMMENT 'æ›´æ–°è€…',
  `update_time` datetime DEFAULT NULL COMMENT 'æ›´æ–°æ—¶é—´',
  `remark` varchar(500) DEFAULT NULL COMMENT 'å¤‡æ³¨',
  PRIMARY KEY (`config_id`) USING BTREE
) ENGINE=InnoDB AUTO_INCREMENT=3 DEFAULT CHARSET=utf8 COMMENT='å‚æ•°é…ç½®è¡¨';

/*Data for the table `sys_config` */

insert  into `sys_config`(`config_id`,`config_name`,`config_key`,`config_value`,`config_type`,`create_by`,`create_time`,`update_by`,`update_time`,`remark`) values (1,'ä¸»æ¡†æ¶é¡µ-é»˜è®¤çš®è‚¤æ ·å¼åç§°','sys.index.skinName','skin-blue','Y','admin','2018-03-16 11:33:00','admin','2019-03-14 16:24:31','è“è‰² skin-blueã€ç»¿è‰² skin-greenã€ç´«è‰² skin-purpleã€çº¢è‰² skin-redã€é»„è‰² skin-yellow'),(2,'ç”¨æˆ·ç®¡ç†-è´¦å·åˆå§‹å¯†ç ','sys.user.initPassword','123456','Y','admin','2018-03-16 11:33:00','ry','2018-03-16 11:33:00','åˆå§‹åŒ–å¯†ç  123456');

/*Table structure for table `sys_dept` */

DROP TABLE IF EXISTS `sys_dept`;

CREATE TABLE `sys_dept` (
  `dept_id` int(11) NOT NULL AUTO_INCREMENT COMMENT 'éƒ¨é—¨id',
  `parent_id` int(11) DEFAULT '0' COMMENT 'çˆ¶éƒ¨é—¨id',
  `ancestors` varchar(50) DEFAULT '' COMMENT 'ç¥–çº§åˆ—è¡¨',
  `dept_name` varchar(30) DEFAULT '' COMMENT 'éƒ¨é—¨åç§°',
  `order_num` int(4) DEFAULT '0' COMMENT 'æ˜¾ç¤ºé¡ºåº',
  `leader` varchar(20) DEFAULT NULL COMMENT 'è´Ÿè´£äºº',
  `phone` varchar(11) DEFAULT NULL COMMENT 'è”ç³»ç”µè¯',
  `email` varchar(50) DEFAULT NULL COMMENT 'é‚®ç®±',
  `status` char(1) DEFAULT '0' COMMENT 'éƒ¨é—¨çŠ¶æ€ï¼ˆ0æ­£å¸¸ 1åœç”¨ï¼‰',
  `del_flag` char(1) DEFAULT '0' COMMENT 'åˆ é™¤æ ‡å¿—ï¼ˆ0ä»£è¡¨å­˜åœ¨ 2ä»£è¡¨åˆ é™¤ï¼‰',
  `create_by` varchar(64) DEFAULT '' COMMENT 'åˆ›å»ºè€…',
  `create_time` datetime DEFAULT NULL COMMENT 'åˆ›å»ºæ—¶é—´',
  `update_by` varchar(64) DEFAULT '' COMMENT 'æ›´æ–°è€…',
  `update_time` datetime DEFAULT NULL COMMENT 'æ›´æ–°æ—¶é—´',
  PRIMARY KEY (`dept_id`) USING BTREE
) ENGINE=InnoDB AUTO_INCREMENT=128 DEFAULT CHARSET=utf8 COMMENT='éƒ¨é—¨è¡¨';

/*Data for the table `sys_dept` */

insert  into `sys_dept`(`dept_id`,`parent_id`,`ancestors`,`dept_name`,`order_num`,`leader`,`phone`,`email`,`status`,`del_flag`,`create_by`,`create_time`,`update_by`,`update_time`) values (100,0,'0','çŸ¥å‘³è½©',0,'çŸ¥å‘³è½©','13000000000','ry@qq.com','0','0','admin','2020-04-20 15:33:00','admin','2020-04-20 15:42:05'),(101,100,'0,100','æ½åŠæ€»éƒ¨',1,'æ¶¨æ€»','13000000000','1128846@qq.com','0','0','admin','2020-04-20 15:33:00','admin','2020-04-20 15:42:05'),(102,100,'0,100','é’å²›åˆ†å…¬å¸',5,'è‹¥ä¾','15888888888','ry@qq.com','0','0','admin','2020-04-20 15:33:00','ry','2020-04-20 15:42:05'),(103,101,'0,100,101','è´¨é‡éƒ¨é—¨',5,'è‹¥ä¾','15888888888','ry@qq.com','0','0','admin','2020-04-20 15:33:00','admin','2020-04-20 15:42:05'),(105,101,'0,100,101','è´¢åŠ¡éƒ¨é—¨',3,'è‹¥ä¾','15888888888','ry@qq.com','0','0','admin','2020-04-20 15:33:00','ry','2020-04-20 15:42:05'),(106,101,'0,100,101','è¿ç»´éƒ¨é—¨',4,'è‹¥ä¾','15888888888','ry@qq.com','0','0','admin','2020-04-20 15:33:00','ry','2020-04-20 15:42:05'),(108,102,'0,100,102','æŠ€æœ¯éƒ¨',1,'è‹¥ä¾','15888888888','ry@qq.com','0','0','admin','2020-04-20 15:33:00','ry','2020-04-20 15:42:05'),(109,102,'0,100,102','è´¢åŠ¡éƒ¨',2,'è‹¥ä¾','15888888888','ry@qq.com','0','0','admin','2020-04-20 15:33:00','ry','2020-04-20 15:42:05'),(127,102,'0,100,102','ç‰©æµéƒ¨é—¨',3,'å¼ ä¸‰','13800138000','13800138000@139.com','0','0','admin','2020-04-20 16:37:39','',NULL);

/*Table structure for table `sys_dict_data` */

DROP TABLE IF EXISTS `sys_dict_data`;

CREATE TABLE `sys_dict_data` (
  `dict_code` int(11) NOT NULL AUTO_INCREMENT COMMENT 'å­—å…¸ç¼–ç ',
  `dict_sort` int(4) DEFAULT '0' COMMENT 'å­—å…¸æ’åº',
  `dict_label` varchar(100) DEFAULT '' COMMENT 'å­—å…¸æ ‡ç­¾',
  `dict_value` varchar(100) DEFAULT '' COMMENT 'å­—å…¸é”®å€¼',
  `dict_type` varchar(100) DEFAULT '' COMMENT 'å­—å…¸ç±»å‹',
  `css_class` varchar(100) DEFAULT NULL COMMENT 'æ ·å¼å±æ€§ï¼ˆå…¶ä»–æ ·å¼æ‰©å±•ï¼‰',
  `list_class` varchar(100) DEFAULT NULL COMMENT 'è¡¨æ ¼å›æ˜¾æ ·å¼',
  `is_default` char(1) DEFAULT 'N' COMMENT 'æ˜¯å¦é»˜è®¤ï¼ˆYæ˜¯ Nå¦ï¼‰',
  `status` char(1) DEFAULT '0' COMMENT 'çŠ¶æ€ï¼ˆ0æ­£å¸¸ 1åœç”¨ï¼‰',
  `create_by` varchar(64) DEFAULT '' COMMENT 'åˆ›å»ºè€…',
  `create_time` datetime DEFAULT NULL COMMENT 'åˆ›å»ºæ—¶é—´',
  `update_by` varchar(64) DEFAULT '' COMMENT 'æ›´æ–°è€…',
  `update_time` datetime DEFAULT NULL COMMENT 'æ›´æ–°æ—¶é—´',
  `remark` varchar(500) DEFAULT NULL COMMENT 'å¤‡æ³¨',
  PRIMARY KEY (`dict_code`) USING BTREE
) ENGINE=InnoDB AUTO_INCREMENT=27 DEFAULT CHARSET=utf8 COMMENT='å­—å…¸æ•°æ®è¡¨';

/*Data for the table `sys_dict_data` */

insert  into `sys_dict_data`(`dict_code`,`dict_sort`,`dict_label`,`dict_value`,`dict_type`,`css_class`,`list_class`,`is_default`,`status`,`create_by`,`create_time`,`update_by`,`update_time`,`remark`) values (1,1,'ç”·','0','sys_user_sex','','','Y','0','admin','2018-03-16 11:33:00','ry','2018-03-16 11:33:00','æ€§åˆ«ç”·'),(2,2,'å¥³','1','sys_user_sex','','','N','0','admin','2018-03-16 11:33:00','ry','2018-03-16 11:33:00','æ€§åˆ«å¥³'),(3,3,'æœªçŸ¥','2','sys_user_sex','','','N','0','admin','2018-03-16 11:33:00','ry','2018-03-16 11:33:00','æ€§åˆ«æœªçŸ¥'),(4,1,'æ˜¾ç¤º','0','sys_show_hide','','primary','Y','0','admin','2018-03-16 11:33:00','ry','2018-03-16 11:33:00','æ˜¾ç¤ºèœå•'),(5,2,'éšè—','1','sys_show_hide','','danger','N','0','admin','2018-03-16 11:33:00','ry','2018-03-16 11:33:00','éšè—èœå•'),(6,1,'æ­£å¸¸','0','sys_normal_disable','','primary','Y','0','admin','2018-03-16 11:33:00','ry','2018-03-16 11:33:00','æ­£å¸¸çŠ¶æ€'),(7,2,'åœç”¨','1','sys_normal_disable','','danger','N','0','admin','2018-03-16 11:33:00','ry','2018-03-16 11:33:00','åœç”¨çŠ¶æ€'),(8,1,'æ­£å¸¸','0','sys_job_status','','primary','Y','0','admin','2018-03-16 11:33:00','ry','2018-03-16 11:33:00','æ­£å¸¸çŠ¶æ€'),(9,2,'æš‚åœ','1','sys_job_status','','danger','N','0','admin','2018-03-16 11:33:00','ry','2018-03-16 11:33:00','åœç”¨çŠ¶æ€'),(10,1,'æ˜¯','Y','sys_yes_no','','primary','Y','0','admin','2018-03-16 11:33:00','ry','2018-03-16 11:33:00','ç³»ç»Ÿé»˜è®¤æ˜¯'),(11,2,'å¦','N','sys_yes_no','','danger','N','0','admin','2018-03-16 11:33:00','ry','2018-03-16 11:33:00','ç³»ç»Ÿé»˜è®¤å¦'),(12,1,'é€šçŸ¥','1','sys_notice_type','','warning','Y','0','admin','2018-03-16 11:33:00','ry','2018-03-16 11:33:00','é€šçŸ¥'),(13,2,'å…¬å‘Š','2','sys_notice_type','','success','N','0','admin','2018-03-16 11:33:00','ry','2018-03-16 11:33:00','å…¬å‘Š'),(14,1,'æ­£å¸¸','0','sys_notice_status','','primary','Y','0','admin','2018-03-16 11:33:00','ry','2018-03-16 11:33:00','æ­£å¸¸çŠ¶æ€'),(15,2,'å…³é—­','1','sys_notice_status','','danger','N','0','admin','2018-03-16 11:33:00','ry','2018-03-16 11:33:00','å…³é—­çŠ¶æ€'),(16,1,'æ–°å¢','1','sys_oper_type','','info','N','0','admin','2018-03-16 11:33:00','ry','2018-03-16 11:33:00','æ–°å¢æ“ä½œ'),(17,2,'ä¿®æ”¹','2','sys_oper_type','','info','N','0','admin','2018-03-16 11:33:00','ry','2018-03-16 11:33:00','ä¿®æ”¹æ“ä½œ'),(18,3,'åˆ é™¤','3','sys_oper_type','','danger','N','0','admin','2018-03-16 11:33:00','ry','2018-03-16 11:33:00','åˆ é™¤æ“ä½œ'),(19,4,'æˆæƒ','4','sys_oper_type','','primary','N','0','admin','2018-03-16 11:33:00','ry','2018-03-16 11:33:00','æˆæƒæ“ä½œ'),(20,5,'å¯¼å‡º','5','sys_oper_type','','warning','N','0','admin','2018-03-16 11:33:00','ry','2018-03-16 11:33:00','å¯¼å‡ºæ“ä½œ'),(21,6,'å¯¼å…¥','6','sys_oper_type','','warning','N','0','admin','2018-03-16 11:33:00','ry','2018-03-16 11:33:00','å¯¼å…¥æ“ä½œ'),(22,7,'å¼ºé€€','7','sys_oper_type','','danger','N','0','admin','2018-03-16 11:33:00','ry','2018-03-16 11:33:00','å¼ºé€€æ“ä½œ'),(23,8,'ç”Ÿæˆä»£ç ','8','sys_oper_type','','warning','N','0','admin','2018-03-16 11:33:00','ry','2018-03-16 11:33:00','ç”Ÿæˆæ“ä½œ'),(24,8,'æ¸…ç©ºæ•°æ®','9','sys_oper_type','','danger','N','0','admin','2018-03-16 11:33:00','ry','2018-03-16 11:33:00','æ¸…ç©ºæ“ä½œ'),(25,1,'æˆåŠŸ','0','sys_common_status','','primary','N','0','admin','2018-03-16 11:33:00','ry','2018-03-16 11:33:00','æ­£å¸¸çŠ¶æ€'),(26,2,'å¤±è´¥','1','sys_common_status','','danger','N','0','admin','2018-03-16 11:33:00','ry','2018-03-16 11:33:00','åœç”¨çŠ¶æ€');

/*Table structure for table `sys_dict_type` */

DROP TABLE IF EXISTS `sys_dict_type`;

CREATE TABLE `sys_dict_type` (
  `dict_id` int(11) NOT NULL AUTO_INCREMENT COMMENT 'å­—å…¸ä¸»é”®',
  `dict_name` varchar(100) DEFAULT '' COMMENT 'å­—å…¸åç§°',
  `dict_type` varchar(100) DEFAULT '' COMMENT 'å­—å…¸ç±»å‹',
  `status` char(1) DEFAULT '0' COMMENT 'çŠ¶æ€ï¼ˆ0æ­£å¸¸ 1åœç”¨ï¼‰',
  `create_by` varchar(64) DEFAULT '' COMMENT 'åˆ›å»ºè€…',
  `create_time` datetime DEFAULT NULL COMMENT 'åˆ›å»ºæ—¶é—´',
  `update_by` varchar(64) DEFAULT '' COMMENT 'æ›´æ–°è€…',
  `update_time` datetime DEFAULT NULL COMMENT 'æ›´æ–°æ—¶é—´',
  `remark` varchar(500) DEFAULT NULL COMMENT 'å¤‡æ³¨',
  PRIMARY KEY (`dict_id`) USING BTREE,
  UNIQUE KEY `dict_type` (`dict_type`) USING BTREE
) ENGINE=InnoDB AUTO_INCREMENT=10 DEFAULT CHARSET=utf8 COMMENT='å­—å…¸ç±»å‹è¡¨';

/*Data for the table `sys_dict_type` */

insert  into `sys_dict_type`(`dict_id`,`dict_name`,`dict_type`,`status`,`create_by`,`create_time`,`update_by`,`update_time`,`remark`) values (1,'ç”¨æˆ·æ€§åˆ«','sys_user_sex','0','admin','2018-03-16 11:33:00','ry','2018-03-16 11:33:00','ç”¨æˆ·æ€§åˆ«åˆ—è¡¨'),(2,'èœå•çŠ¶æ€','sys_show_hide','0','admin','2018-03-16 11:33:00','ry','2018-03-16 11:33:00','èœå•çŠ¶æ€åˆ—è¡¨'),(3,'ç³»ç»Ÿå¼€å…³','sys_normal_disable','0','admin','2018-03-16 11:33:00','ry','2018-03-16 11:33:00','ç³»ç»Ÿå¼€å…³åˆ—è¡¨'),(4,'ä»»åŠ¡çŠ¶æ€','sys_job_status','0','admin','2018-03-16 11:33:00','ry','2018-03-16 11:33:00','ä»»åŠ¡çŠ¶æ€åˆ—è¡¨'),(5,'ç³»ç»Ÿæ˜¯å¦','sys_yes_no','0','admin','2018-03-16 11:33:00','ry','2018-03-16 11:33:00','ç³»ç»Ÿæ˜¯å¦åˆ—è¡¨'),(6,'é€šçŸ¥ç±»å‹','sys_notice_type','0','admin','2018-03-16 11:33:00','ry','2018-03-16 11:33:00','é€šçŸ¥ç±»å‹åˆ—è¡¨'),(7,'é€šçŸ¥çŠ¶æ€','sys_notice_status','0','admin','2018-03-16 11:33:00','ry','2018-03-16 11:33:00','é€šçŸ¥çŠ¶æ€åˆ—è¡¨'),(8,'æ“ä½œç±»å‹','sys_oper_type','0','admin','2018-03-16 11:33:00','ry','2018-03-16 11:33:00','æ“ä½œç±»å‹åˆ—è¡¨'),(9,'ç³»ç»ŸçŠ¶æ€','sys_common_status','0','admin','2018-03-16 11:33:00','ry','2018-03-16 11:33:00','ç™»å½•çŠ¶æ€åˆ—è¡¨');

/*Table structure for table `sys_job` */

DROP TABLE IF EXISTS `sys_job`;

CREATE TABLE `sys_job` (
  `job_id` int(11) NOT NULL AUTO_INCREMENT COMMENT 'ä»»åŠ¡ID',
  `job_name` varchar(64) NOT NULL DEFAULT '' COMMENT 'ä»»åŠ¡åç§°',
  `job_group` varchar(64) NOT NULL DEFAULT '' COMMENT 'ä»»åŠ¡ç»„å',
  `method_name` varchar(500) DEFAULT '' COMMENT 'ä»»åŠ¡æ–¹æ³•',
  `method_params` varchar(50) DEFAULT NULL COMMENT 'æ–¹æ³•å‚æ•°',
  `cron_expression` varchar(255) DEFAULT '' COMMENT 'cronæ‰§è¡Œè¡¨è¾¾å¼',
  `misfire_policy` varchar(20) DEFAULT '3' COMMENT 'è®¡åˆ’æ‰§è¡Œé”™è¯¯ç­–ç•¥ï¼ˆ1ç«‹å³æ‰§è¡Œ 2æ‰§è¡Œä¸€æ¬¡ 3æ”¾å¼ƒæ‰§è¡Œï¼‰',
  `status` char(1) DEFAULT '0' COMMENT 'çŠ¶æ€ï¼ˆ0æ­£å¸¸ 1æš‚åœï¼‰',
  `create_by` varchar(64) DEFAULT '' COMMENT 'åˆ›å»ºè€…',
  `create_time` datetime DEFAULT NULL COMMENT 'åˆ›å»ºæ—¶é—´',
  `update_by` varchar(64) DEFAULT '' COMMENT 'æ›´æ–°è€…',
  `update_time` datetime DEFAULT NULL COMMENT 'æ›´æ–°æ—¶é—´',
  `remark` varchar(500) DEFAULT '' COMMENT 'å¤‡æ³¨ä¿¡æ¯',
  PRIMARY KEY (`job_id`,`job_name`,`job_group`) USING BTREE
) ENGINE=InnoDB DEFAULT CHARSET=utf8 COMMENT='å®šæ—¶ä»»åŠ¡è°ƒåº¦è¡¨';

/*Data for the table `sys_job` */

/*Table structure for table `sys_job_log` */

DROP TABLE IF EXISTS `sys_job_log`;

CREATE TABLE `sys_job_log` (
  `job_log_id` int(11) NOT NULL AUTO_INCREMENT COMMENT 'ä»»åŠ¡æ—¥å¿—ID',
  `job_name` varchar(64) NOT NULL COMMENT 'ä»»åŠ¡åç§°',
  `job_group` varchar(64) NOT NULL COMMENT 'ä»»åŠ¡ç»„å',
  `method_name` varchar(500) DEFAULT NULL COMMENT 'ä»»åŠ¡æ–¹æ³•',
  `method_params` varchar(50) DEFAULT NULL COMMENT 'æ–¹æ³•å‚æ•°',
  `job_message` varchar(500) DEFAULT NULL COMMENT 'æ—¥å¿—ä¿¡æ¯',
  `status` char(1) DEFAULT '0' COMMENT 'æ‰§è¡ŒçŠ¶æ€ï¼ˆ0æ­£å¸¸ 1å¤±è´¥ï¼‰',
  `exception_info` varchar(2000) DEFAULT '' COMMENT 'å¼‚å¸¸ä¿¡æ¯',
  `create_time` datetime DEFAULT NULL COMMENT 'åˆ›å»ºæ—¶é—´',
  PRIMARY KEY (`job_log_id`) USING BTREE
) ENGINE=InnoDB DEFAULT CHARSET=utf8 COMMENT='å®šæ—¶ä»»åŠ¡è°ƒåº¦æ—¥å¿—è¡¨';

/*Data for the table `sys_job_log` */

/*Table structure for table `sys_logininfor` */

DROP TABLE IF EXISTS `sys_logininfor`;

CREATE TABLE `sys_logininfor` (
  `info_id` int(11) NOT NULL AUTO_INCREMENT COMMENT 'è®¿é—®ID',
  `login_name` varchar(50) DEFAULT '' COMMENT 'ç™»å½•è´¦å·',
  `ipaddr` varchar(50) DEFAULT '' COMMENT 'ç™»å½•IPåœ°å€',
  `login_location` varchar(255) DEFAULT '' COMMENT 'ç™»å½•åœ°ç‚¹',
  `browser` varchar(50) DEFAULT '' COMMENT 'æµè§ˆå™¨ç±»å‹',
  `os` varchar(50) DEFAULT '' COMMENT 'æ“ä½œç³»ç»Ÿ',
  `status` char(1) DEFAULT '0' COMMENT 'ç™»å½•çŠ¶æ€ï¼ˆ0æˆåŠŸ 1å¤±è´¥ï¼‰',
  `msg` varchar(255) DEFAULT '' COMMENT 'æç¤ºæ¶ˆæ¯',
  `login_time` datetime DEFAULT NULL COMMENT 'è®¿é—®æ—¶é—´',
  PRIMARY KEY (`info_id`) USING BTREE
) ENGINE=InnoDB AUTO_INCREMENT=31 DEFAULT CHARSET=utf8 COMMENT='ç³»ç»Ÿè®¿é—®è®°å½•';

/*Data for the table `sys_logininfor` */

insert  into `sys_logininfor`(`info_id`,`login_name`,`ipaddr`,`login_location`,`browser`,`os`,`status`,`msg`,`login_time`) values (1,'admin','127.0.0.1','å†…ç½‘IP','Firefox 7','Windows 10','0','é€€å‡ºæˆåŠŸ','2020-04-20 16:20:49'),(2,'admin','127.0.0.1','å†…ç½‘IP','Firefox 7','Windows 10','0','ç™»å½•æˆåŠŸ','2020-04-20 16:20:51'),(3,'admin','127.0.0.1','å†…ç½‘IP','Firefox 7','Windows 10','0','é€€å‡ºæˆåŠŸ','2020-04-20 16:39:42'),(4,'zhongcl','127.0.0.1','å†…ç½‘IP','Firefox 7','Windows 10','0','ç™»å½•æˆåŠŸ','2020-04-20 16:39:50'),(5,'zhongcl','127.0.0.1','å†…ç½‘IP','Firefox 7','Windows 10','0','é€€å‡ºæˆåŠŸ','2020-04-20 16:40:02'),(6,'admin','127.0.0.1','å†…ç½‘IP','Firefox 7','Windows 10','0','ç™»å½•æˆåŠŸ','2020-04-20 16:40:05'),(7,'admin','127.0.0.1','å†…ç½‘IP','Firefox 7','Windows 10','0','ç™»å½•æˆåŠŸ','2020-04-20 16:54:11'),(8,'admin','127.0.0.1','å†…ç½‘IP','Firefox 7','Windows 10','0','ç™»å½•æˆåŠŸ','2020-04-21 16:10:55'),(9,'admin','127.0.0.1','å†…ç½‘IP','Firefox 7','Windows 10','0','ç™»å½•æˆåŠŸ','2020-04-21 17:08:24'),(10,'admin','127.0.0.1','å†…ç½‘IP','Firefox 7','Windows 10','0','ç™»å½•æˆåŠŸ','2020-04-22 08:58:19'),(11,'admin','127.0.0.1','å†…ç½‘IP','Firefox 7','Windows 10','0','ç™»å½•æˆåŠŸ','2020-04-22 09:22:30'),(12,'admin','127.0.0.1','å†…ç½‘IP','Firefox 7','Windows 10','0','ç™»å½•æˆåŠŸ','2020-04-22 09:37:34'),(13,'admin','127.0.0.1','å†…ç½‘IP','Firefox 7','Windows 10','0','ç™»å½•æˆåŠŸ','2020-04-22 11:39:06'),(14,'admin','127.0.0.1','å†…ç½‘IP','Firefox 7','Windows 10','0','ç™»å½•æˆåŠŸ','2020-04-22 12:03:37'),(15,'admin','127.0.0.1','å†…ç½‘IP','Firefox 7','Windows 10','0','ç™»å½•æˆåŠŸ','2020-04-22 12:07:58'),(16,'admin','127.0.0.1','å†…ç½‘IP','Firefox 7','Windows 10','0','ç™»å½•æˆåŠŸ','2020-04-22 12:11:15'),(17,'admin','127.0.0.1','å†…ç½‘IP','Firefox 7','Windows 10','0','ç™»å½•æˆåŠŸ','2020-04-22 14:06:20'),(18,'admin','127.0.0.1','å†…ç½‘IP','Firefox 7','Windows 10','0','ç™»å½•æˆåŠŸ','2020-04-22 14:16:11'),(19,'admin','127.0.0.1','å†…ç½‘IP','Firefox 7','Windows 10','0','ç™»å½•æˆåŠŸ','2020-04-22 14:42:16'),(20,'admin','127.0.0.1','å†…ç½‘IP','Firefox 7','Windows 10','0','ç™»å½•æˆåŠŸ','2020-04-22 14:49:41'),(21,'admin','127.0.0.1','å†…ç½‘IP','Firefox 7','Windows 10','0','ç™»å½•æˆåŠŸ','2020-04-22 15:44:24'),(22,'admin','127.0.0.1','å†…ç½‘IP','Firefox 7','Windows 10','0','ç™»å½•æˆåŠŸ','2020-04-22 16:15:41'),(23,'admin','127.0.0.1','å†…ç½‘IP','Firefox 7','Windows 10','0','ç™»å½•æˆåŠŸ','2020-04-22 16:20:28'),(24,'admin','127.0.0.1','å†…ç½‘IP','Firefox 7','Windows 10','0','ç™»å½•æˆåŠŸ','2020-04-22 16:21:52'),(25,'admin','127.0.0.1','å†…ç½‘IP','Firefox 7','Windows 10','0','ç™»å½•æˆåŠŸ','2020-04-22 16:38:34'),(26,'admin','127.0.0.1','å†…ç½‘IP','Firefox 7','Windows 10','0','ç™»å½•æˆåŠŸ','2020-04-22 16:47:11'),(27,'admin','127.0.0.1','å†…ç½‘IP','Firefox 7','Windows 10','0','ç™»å½•æˆåŠŸ','2020-04-22 16:55:19'),(28,'admin','127.0.0.1','å†…ç½‘IP','Firefox 7','Windows 10','0','ç™»å½•æˆåŠŸ','2020-04-22 16:57:25'),(29,'admin','127.0.0.1','å†…ç½‘IP','Firefox 7','Windows 10','0','é€€å‡ºæˆåŠŸ','2020-04-22 17:22:54'),(30,'admin','127.0.0.1','å†…ç½‘IP','Firefox 7','Windows 10','0','ç™»å½•æˆåŠŸ','2020-04-22 17:22:59');

/*Table structure for table `sys_menu` */

DROP TABLE IF EXISTS `sys_menu`;

CREATE TABLE `sys_menu` (
  `menu_id` int(11) NOT NULL AUTO_INCREMENT COMMENT 'èœå•ID',
  `menu_name` varchar(50) NOT NULL COMMENT 'èœå•åç§°',
  `parent_id` int(11) DEFAULT '0' COMMENT 'çˆ¶èœå•ID',
  `order_num` int(4) DEFAULT '0' COMMENT 'æ˜¾ç¤ºé¡ºåº',
  `url` varchar(200) DEFAULT '#' COMMENT 'è¯·æ±‚åœ°å€',
  `menu_type` char(1) DEFAULT '' COMMENT 'èœå•ç±»å‹ï¼ˆMç›®å½• Cèœå• FæŒ‰é’®ï¼‰',
  `visible` char(1) DEFAULT '0' COMMENT 'èœå•çŠ¶æ€ï¼ˆ0æ˜¾ç¤º 1éšè—ï¼‰',
  `perms` varchar(100) DEFAULT '' COMMENT 'æƒé™æ ‡è¯†',
  `icon` varchar(100) DEFAULT '#' COMMENT 'èœå•å›¾æ ‡',
  `create_by` varchar(64) DEFAULT '' COMMENT 'åˆ›å»ºè€…',
  `create_time` datetime DEFAULT NULL COMMENT 'åˆ›å»ºæ—¶é—´',
  `update_by` varchar(64) DEFAULT '' COMMENT 'æ›´æ–°è€…',
  `update_time` datetime DEFAULT NULL COMMENT 'æ›´æ–°æ—¶é—´',
  `remark` varchar(500) DEFAULT '' COMMENT 'å¤‡æ³¨',
  PRIMARY KEY (`menu_id`) USING BTREE
) ENGINE=InnoDB AUTO_INCREMENT=1276 DEFAULT CHARSET=utf8 COMMENT='èœå•æƒé™è¡¨';

/*Data for the table `sys_menu` */

insert  into `sys_menu`(`menu_id`,`menu_name`,`parent_id`,`order_num`,`url`,`menu_type`,`visible`,`perms`,`icon`,`create_by`,`create_time`,`update_by`,`update_time`,`remark`) values (1,'ç³»ç»Ÿç®¡ç†',0,10,'#','M','0','','fa fa-gear','admin','2018-03-16 11:33:00','admin','2019-07-30 10:02:59','ç³»ç»Ÿç®¡ç†ç›®å½•'),(2,'ç³»ç»Ÿç›‘æ§',0,11,'#','M','1','','fa fa-video-camera','admin','2018-03-16 11:33:00','admin','2019-11-29 09:09:10','ç³»ç»Ÿç›‘æ§ç›®å½•'),(3,'ç³»ç»Ÿå·¥å…·',0,12,'#','M','0','','fa fa-bars','admin','2018-03-16 11:33:00','admin','2020-02-20 18:41:00','ç³»ç»Ÿå·¥å…·ç›®å½•'),(100,'ç”¨æˆ·ç®¡ç†',1,1,'/system/user','C','0','system:user:view','#','admin','2018-03-16 11:33:00','ry','2018-03-16 11:33:00','ç”¨æˆ·ç®¡ç†èœå•'),(101,'è§’è‰²ç®¡ç†',1,3,'/system/role','C','0','system:role:view','#','admin','2018-03-16 11:33:00','admin','2019-11-29 09:11:41','è§’è‰²ç®¡ç†èœå•'),(102,'èœå•ç®¡ç†',1,8,'/system/menu','C','0','system:menu:view','#','admin','2018-03-16 11:33:00','admin','2019-11-29 09:14:22','èœå•ç®¡ç†èœå•'),(103,'éƒ¨é—¨ç®¡ç†',1,4,'/system/dept','C','0','system:dept:view','#','admin','2018-03-16 11:33:00','admin','2019-11-29 09:13:08','éƒ¨é—¨ç®¡ç†èœå•'),(104,'å²—ä½ç®¡ç†',1,5,'/system/post','C','0','system:post:view','#','admin','2018-03-16 11:33:00','admin','2019-11-29 09:13:19','å²—ä½ç®¡ç†èœå•'),(105,'å­—å…¸ç®¡ç†',1,9,'/system/dict','C','0','system:dict:view','#','admin','2018-03-16 11:33:00','admin','2019-11-29 09:14:42','å­—å…¸ç®¡ç†èœå•'),(106,'å‚æ•°è®¾ç½®',1,10,'/system/config','C','0','system:config:view','#','admin','2018-03-16 11:33:00','admin','2019-11-29 09:14:57','å‚æ•°è®¾ç½®èœå•'),(107,'é€šçŸ¥å…¬å‘Š',1195,1,'/system/notice','C','0','system:notice:view','#','admin','2018-03-16 11:33:00','admin','2019-07-30 16:00:49','é€šçŸ¥å…¬å‘Šèœå•'),(108,'æ—¥å¿—ç®¡ç†',1,7,'#','M','0','','#','admin','2018-03-16 11:33:00','admin','2019-11-29 09:14:11','æ—¥å¿—ç®¡ç†èœå•'),(109,'åœ¨çº¿ç”¨æˆ·',2,1,'/monitor/online','C','0','monitor:online:view','#','admin','2018-03-16 11:33:00','ry','2018-03-16 11:33:00','åœ¨çº¿ç”¨æˆ·èœå•'),(110,'å®šæ—¶ä»»åŠ¡',2,2,'/monitor/job','C','0','monitor:job:view','#','admin','2018-03-16 11:33:00','ry','2018-03-16 11:33:00','å®šæ—¶ä»»åŠ¡èœå•'),(111,'æ•°æ®ç›‘æ§',2,3,'/monitor/data','C','0','monitor:data:view','#','admin','2018-03-16 11:33:00','ry','2018-03-16 11:33:00','æ•°æ®ç›‘æ§èœå•'),(112,'æœåŠ¡ç›‘æ§',2,3,'/monitor/server','C','0','monitor:server:view','#','admin','2018-03-16 11:33:00','ry','2018-03-16 11:33:00','æœåŠ¡ç›‘æ§èœå•'),(113,'è¡¨å•æ„å»º',3,1,'/tool/build','C','0','tool:build:view','#','admin','2018-03-16 11:33:00','admin','2020-02-22 12:03:45','è¡¨å•æ„å»ºèœå•'),(114,'ä»£ç ç”Ÿæˆ',3,2,'/tool/gen','C','0','tool:gen:view','#','admin','2018-03-16 11:33:00','ry','2018-03-16 11:33:00','ä»£ç ç”Ÿæˆèœå•'),(115,'ç³»ç»Ÿæ¥å£',3,3,'/tool/swagger','C','1','tool:swagger:view','#','admin','2018-03-16 11:33:00','admin','2019-11-29 09:04:34','ç³»ç»Ÿæ¥å£èœå•'),(500,'æ“ä½œæ—¥å¿—',108,1,'/monitor/operlog','C','0','monitor:operlog:view','#','admin','2018-03-16 11:33:00','ry','2018-03-16 11:33:00','æ“ä½œæ—¥å¿—èœå•'),(501,'ç™»å½•æ—¥å¿—',108,2,'/monitor/logininfor','C','0','monitor:logininfor:view','#','admin','2018-03-16 11:33:00','ry','2018-03-16 11:33:00','ç™»å½•æ—¥å¿—èœå•'),(1000,'ç”¨æˆ·æŸ¥è¯¢',100,1,'#','F','0','system:user:list','#','admin','2018-03-16 11:33:00','ry','2018-03-16 11:33:00',''),(1001,'ç”¨æˆ·æ–°å¢',100,2,'#','F','0','system:user:add','#','admin','2018-03-16 11:33:00','ry','2018-03-16 11:33:00',''),(1002,'ç”¨æˆ·ä¿®æ”¹',100,3,'#','F','0','system:user:edit','#','admin','2018-03-16 11:33:00','ry','2018-03-16 11:33:00',''),(1003,'ç”¨æˆ·åˆ é™¤',100,4,'#','F','0','system:user:remove','#','admin','2018-03-16 11:33:00','ry','2018-03-16 11:33:00',''),(1004,'ç”¨æˆ·å¯¼å‡º',100,5,'#','F','0','system:user:export','#','admin','2018-03-16 11:33:00','ry','2018-03-16 11:33:00',''),(1005,'é‡ç½®å¯†ç ',100,6,'#','F','0','system:user:resetPwd','#','admin','2018-03-16 11:33:00','ry','2018-03-16 11:33:00',''),(1006,'è§’è‰²æŸ¥è¯¢',101,1,'#','F','0','system:role:list','#','admin','2018-03-16 11:33:00','ry','2018-03-16 11:33:00',''),(1007,'è§’è‰²æ–°å¢',101,2,'#','F','0','system:role:add','#','admin','2018-03-16 11:33:00','ry','2018-03-16 11:33:00',''),(1008,'è§’è‰²ä¿®æ”¹',101,3,'#','F','0','system:role:edit','#','admin','2018-03-16 11:33:00','ry','2018-03-16 11:33:00',''),(1009,'è§’è‰²åˆ é™¤',101,4,'#','F','0','system:role:remove','#','admin','2018-03-16 11:33:00','ry','2018-03-16 11:33:00',''),(1010,'è§’è‰²å¯¼å‡º',101,5,'#','F','0','system:role:export','#','admin','2018-03-16 11:33:00','ry','2018-03-16 11:33:00',''),(1011,'èœå•æŸ¥è¯¢',102,1,'#','F','0','system:menu:list','#','admin','2018-03-16 11:33:00','ry','2018-03-16 11:33:00',''),(1012,'èœå•æ–°å¢',102,2,'#','F','0','system:menu:add','#','admin','2018-03-16 11:33:00','ry','2018-03-16 11:33:00',''),(1013,'èœå•ä¿®æ”¹',102,3,'#','F','0','system:menu:edit','#','admin','2018-03-16 11:33:00','ry','2018-03-16 11:33:00',''),(1014,'èœå•åˆ é™¤',102,4,'#','F','0','system:menu:remove','#','admin','2018-03-16 11:33:00','ry','2018-03-16 11:33:00',''),(1015,'éƒ¨é—¨æŸ¥è¯¢',103,1,'#','F','0','system:dept:list','#','admin','2018-03-16 11:33:00','ry','2018-03-16 11:33:00',''),(1016,'éƒ¨é—¨æ–°å¢',103,2,'#','F','0','system:dept:add','#','admin','2018-03-16 11:33:00','ry','2018-03-16 11:33:00',''),(1017,'éƒ¨é—¨ä¿®æ”¹',103,3,'#','F','0','system:dept:edit','#','admin','2018-03-16 11:33:00','ry','2018-03-16 11:33:00',''),(1018,'éƒ¨é—¨åˆ é™¤',103,4,'#','F','0','system:dept:remove','#','admin','2018-03-16 11:33:00','ry','2018-03-16 11:33:00',''),(1019,'å²—ä½æŸ¥è¯¢',104,1,'#','F','0','system:post:list','#','admin','2018-03-16 11:33:00','ry','2018-03-16 11:33:00',''),(1020,'å²—ä½æ–°å¢',104,2,'#','F','0','system:post:add','#','admin','2018-03-16 11:33:00','ry','2018-03-16 11:33:00',''),(1021,'å²—ä½ä¿®æ”¹',104,3,'#','F','0','system:post:edit','#','admin','2018-03-16 11:33:00','ry','2018-03-16 11:33:00',''),(1022,'å²—ä½åˆ é™¤',104,4,'#','F','0','system:post:remove','#','admin','2018-03-16 11:33:00','ry','2018-03-16 11:33:00',''),(1023,'å²—ä½å¯¼å‡º',104,5,'#','F','0','system:post:export','#','admin','2018-03-16 11:33:00','ry','2018-03-16 11:33:00',''),(1024,'å­—å…¸æŸ¥è¯¢',105,1,'#','F','0','system:dict:list','#','admin','2018-03-16 11:33:00','ry','2018-03-16 11:33:00',''),(1025,'å­—å…¸æ–°å¢',105,2,'#','F','0','system:dict:add','#','admin','2018-03-16 11:33:00','ry','2018-03-16 11:33:00',''),(1026,'å­—å…¸ä¿®æ”¹',105,3,'#','F','0','system:dict:edit','#','admin','2018-03-16 11:33:00','ry','2018-03-16 11:33:00',''),(1027,'å­—å…¸åˆ é™¤',105,4,'#','F','0','system:dict:remove','#','admin','2018-03-16 11:33:00','ry','2018-03-16 11:33:00',''),(1028,'å­—å…¸å¯¼å‡º',105,5,'#','F','0','system:dict:export','#','admin','2018-03-16 11:33:00','ry','2018-03-16 11:33:00',''),(1029,'å‚æ•°æŸ¥è¯¢',106,1,'#','F','0','system:config:list','#','admin','2018-03-16 11:33:00','ry','2018-03-16 11:33:00',''),(1030,'å‚æ•°æ–°å¢',106,2,'#','F','0','system:config:add','#','admin','2018-03-16 11:33:00','ry','2018-03-16 11:33:00',''),(1031,'å‚æ•°ä¿®æ”¹',106,3,'#','F','0','system:config:edit','#','admin','2018-03-16 11:33:00','ry','2018-03-16 11:33:00',''),(1032,'å‚æ•°åˆ é™¤',106,4,'#','F','0','system:config:remove','#','admin','2018-03-16 11:33:00','ry','2018-03-16 11:33:00',''),(1033,'å‚æ•°å¯¼å‡º',106,5,'#','F','0','system:config:export','#','admin','2018-03-16 11:33:00','ry','2018-03-16 11:33:00',''),(1034,'å…¬å‘ŠæŸ¥è¯¢',107,1,'#','F','0','system:notice:list','#','admin','2018-03-16 11:33:00','ry','2018-03-16 11:33:00',''),(1035,'å…¬å‘Šæ–°å¢',107,2,'#','F','0','system:notice:add','#','admin','2018-03-16 11:33:00','ry','2018-03-16 11:33:00',''),(1036,'å…¬å‘Šä¿®æ”¹',107,3,'#','F','0','system:notice:edit','#','admin','2018-03-16 11:33:00','ry','2018-03-16 11:33:00',''),(1037,'å…¬å‘Šåˆ é™¤',107,4,'#','F','0','system:notice:remove','#','admin','2018-03-16 11:33:00','ry','2018-03-16 11:33:00',''),(1038,'æ“ä½œæŸ¥è¯¢',500,1,'#','F','0','monitor:operlog:list','#','admin','2018-03-16 11:33:00','ry','2018-03-16 11:33:00',''),(1039,'æ“ä½œåˆ é™¤',500,2,'#','F','0','monitor:operlog:remove','#','admin','2018-03-16 11:33:00','ry','2018-03-16 11:33:00',''),(1040,'è¯¦ç»†ä¿¡æ¯',500,3,'#','F','0','monitor:operlog:detail','#','admin','2018-03-16 11:33:00','ry','2018-03-16 11:33:00',''),(1041,'æ—¥å¿—å¯¼å‡º',500,4,'#','F','0','monitor:operlog:export','#','admin','2018-03-16 11:33:00','ry','2018-03-16 11:33:00',''),(1042,'ç™»å½•æŸ¥è¯¢',501,1,'#','F','0','monitor:logininfor:list','#','admin','2018-03-16 11:33:00','ry','2018-03-16 11:33:00',''),(1043,'ç™»å½•åˆ é™¤',501,2,'#','F','0','monitor:logininfor:remove','#','admin','2018-03-16 11:33:00','ry','2018-03-16 11:33:00',''),(1044,'æ—¥å¿—å¯¼å‡º',501,3,'#','F','0','monitor:logininfor:export','#','admin','2018-03-16 11:33:00','ry','2018-03-16 11:33:00',''),(1045,'åœ¨çº¿æŸ¥è¯¢',109,1,'#','F','0','monitor:online:list','#','admin','2018-03-16 11:33:00','ry','2018-03-16 11:33:00',''),(1046,'æ‰¹é‡å¼ºé€€',109,2,'#','F','0','monitor:online:batchForceLogout','#','admin','2018-03-16 11:33:00','ry','2018-03-16 11:33:00',''),(1047,'å•æ¡å¼ºé€€',109,3,'#','F','0','monitor:online:forceLogout','#','admin','2018-03-16 11:33:00','ry','2018-03-16 11:33:00',''),(1048,'ä»»åŠ¡æŸ¥è¯¢',110,1,'#','F','0','monitor:job:list','#','admin','2018-03-16 11:33:00','ry','2018-03-16 11:33:00',''),(1049,'ä»»åŠ¡æ–°å¢',110,2,'#','F','0','monitor:job:add','#','admin','2018-03-16 11:33:00','ry','2018-03-16 11:33:00',''),(1050,'ä»»åŠ¡ä¿®æ”¹',110,3,'#','F','0','monitor:job:edit','#','admin','2018-03-16 11:33:00','ry','2018-03-16 11:33:00',''),(1051,'ä»»åŠ¡åˆ é™¤',110,4,'#','F','0','monitor:job:remove','#','admin','2018-03-16 11:33:00','ry','2018-03-16 11:33:00',''),(1052,'çŠ¶æ€ä¿®æ”¹',110,5,'#','F','0','monitor:job:changeStatus','#','admin','2018-03-16 11:33:00','ry','2018-03-16 11:33:00',''),(1053,'ä»»åŠ¡è¯¦ç»†',110,6,'#','F','0','monitor:job:detail','#','admin','2018-03-16 11:33:00','ry','2018-03-16 11:33:00',''),(1054,'ä»»åŠ¡å¯¼å‡º',110,7,'#','F','0','monitor:job:export','#','admin','2018-03-16 11:33:00','ry','2018-03-16 11:33:00',''),(1055,'ç”ŸæˆæŸ¥è¯¢',114,1,'#','F','0','tool:gen:list','#','admin','2018-03-16 11:33:00','ry','2018-03-16 11:33:00',''),(1056,'ç”Ÿæˆä»£ç ',114,2,'#','F','0','tool:gen:code','#','admin','2018-03-16 11:33:00','ry','2018-03-16 11:33:00',''),(1267,'å…¬å‘Šç®¡ç†',0,4,'#','M','0','','fa fa-bell-o','admin','2020-04-22 09:09:06','',NULL,''),(1268,'æŠ¥è¡¨æ•°æ®æº',0,1,'#','M','0','','fa fa-cubes','admin','2020-04-22 09:10:56','',NULL,''),(1269,'æ•°æ®æºç®¡ç†',1268,1,'/client/datasource','C','0','client:datasource:view','#','admin','2020-04-22 09:11:28','admin','2020-04-22 15:45:54',''),(1270,'æ•°æ®æºæµ‹è¯•',1268,1,'/client/test','C','0','client:test:view','#','admin','2020-04-22 09:12:14','admin','2020-04-22 09:12:27',''),(1271,'æŸ¥è¯¢',1270,1,'#','F','0','client:test:list','#','admin','2020-04-22 09:26:35','',NULL,''),(1272,'æŸ¥è¯¢',1269,1,'#','F','0','client:datasource:list','#','admin','2020-04-22 15:46:21','',NULL,''),(1273,'ä¿®æ”¹',1269,3,'#','F','0','client:datasource:edit','#','admin','2020-04-22 15:47:11','admin','2020-04-22 15:48:15',''),(1274,'åˆ é™¤',1269,4,'#','F','0','client:datasource:remove','#','admin','2020-04-22 15:47:34','admin','2020-04-22 15:48:21',''),(1275,'æ–°å¢',1269,2,'#','F','0','client:datasource:add','#','admin','2020-04-22 15:48:04','',NULL,'');

/*Table structure for table `sys_notice` */

DROP TABLE IF EXISTS `sys_notice`;

CREATE TABLE `sys_notice` (
  `notice_id` int(4) NOT NULL AUTO_INCREMENT COMMENT 'å…¬å‘ŠID',
  `notice_title` varchar(50) NOT NULL COMMENT 'å…¬å‘Šæ ‡é¢˜',
  `notice_type` char(1) NOT NULL COMMENT 'å…¬å‘Šç±»å‹ï¼ˆ1é€šçŸ¥ 2å…¬å‘Šï¼‰',
  `notice_content` varchar(2000) DEFAULT NULL COMMENT 'å…¬å‘Šå†…å®¹',
  `status` char(1) DEFAULT '0' COMMENT 'å…¬å‘ŠçŠ¶æ€ï¼ˆ0æ­£å¸¸ 1å…³é—­ï¼‰',
  `create_by` varchar(64) DEFAULT '' COMMENT 'åˆ›å»ºè€…',
  `create_time` datetime DEFAULT NULL COMMENT 'åˆ›å»ºæ—¶é—´',
  `update_by` varchar(64) DEFAULT '' COMMENT 'æ›´æ–°è€…',
  `update_time` datetime DEFAULT NULL COMMENT 'æ›´æ–°æ—¶é—´',
  `remark` varchar(255) DEFAULT NULL COMMENT 'å¤‡æ³¨',
  PRIMARY KEY (`notice_id`) USING BTREE
) ENGINE=InnoDB AUTO_INCREMENT=2 DEFAULT CHARSET=utf8 COMMENT='é€šçŸ¥å…¬å‘Šè¡¨';

/*Data for the table `sys_notice` */

insert  into `sys_notice`(`notice_id`,`notice_title`,`notice_type`,`notice_content`,`status`,`create_by`,`create_time`,`update_by`,`update_time`,`remark`) values (1,'æ¸©é¦¨æé†’ï¼šboshlandç®¡ç†ç³»ç»Ÿä¸Šçº¿äº†','2','æ–°ç‰ˆæœ¬å†…å®¹','0','admin','2018-03-16 11:33:00','admin','2019-02-11 14:38:38','ç®¡ç†å‘˜');

/*Table structure for table `sys_oper_log` */

DROP TABLE IF EXISTS `sys_oper_log`;

CREATE TABLE `sys_oper_log` (
  `oper_id` int(11) NOT NULL AUTO_INCREMENT COMMENT 'æ—¥å¿—ä¸»é”®',
  `title` varchar(50) DEFAULT '' COMMENT 'æ¨¡å—æ ‡é¢˜',
  `business_type` int(2) DEFAULT '0' COMMENT 'ä¸šåŠ¡ç±»å‹ï¼ˆ0å…¶å®ƒ 1æ–°å¢ 2ä¿®æ”¹ 3åˆ é™¤ï¼‰',
  `method` varchar(100) DEFAULT '' COMMENT 'æ–¹æ³•åç§°',
  `operator_type` int(1) DEFAULT '0' COMMENT 'æ“ä½œç±»åˆ«ï¼ˆ0å…¶å®ƒ 1åå°ç”¨æˆ· 2æ‰‹æœºç«¯ç”¨æˆ·ï¼‰',
  `oper_name` varchar(50) DEFAULT '' COMMENT 'æ“ä½œäººå‘˜',
  `dept_name` varchar(50) DEFAULT '' COMMENT 'éƒ¨é—¨åç§°',
  `oper_url` varchar(255) DEFAULT '' COMMENT 'è¯·æ±‚URL',
  `oper_ip` varchar(50) DEFAULT '' COMMENT 'ä¸»æœºåœ°å€',
  `oper_location` varchar(255) DEFAULT '' COMMENT 'æ“ä½œåœ°ç‚¹',
  `oper_param` varchar(255) DEFAULT '' COMMENT 'è¯·æ±‚å‚æ•°',
  `status` int(1) DEFAULT '0' COMMENT 'æ“ä½œçŠ¶æ€ï¼ˆ0æ­£å¸¸ 1å¼‚å¸¸ï¼‰',
  `error_msg` varchar(2000) DEFAULT '' COMMENT 'é”™è¯¯æ¶ˆæ¯',
  `oper_time` datetime DEFAULT NULL COMMENT 'æ“ä½œæ—¶é—´',
  PRIMARY KEY (`oper_id`) USING BTREE
) ENGINE=InnoDB AUTO_INCREMENT=45 DEFAULT CHARSET=utf8 COMMENT='æ“ä½œæ—¥å¿—è®°å½•';

/*Data for the table `sys_oper_log` */

insert  into `sys_oper_log`(`oper_id`,`title`,`business_type`,`method`,`operator_type`,`oper_name`,`dept_name`,`oper_url`,`oper_ip`,`oper_location`,`oper_param`,`status`,`error_msg`,`oper_time`) values (1,'ç”¨æˆ·ç®¡ç†',1,'com.dongzhe.web.controller.system.SysUserController.addSave()',1,'admin','è´¨é‡éƒ¨','/system/user/add','127.0.0.1','å†…ç½‘IP','{\r\n  \"deptId\" : [ \"108\" ],\r\n  \"loginName\" : [ \"zhongcl\" ],\r\n  \"userName\" : [ \"ä»²å´‡åˆ©\" ],\r\n  \"password\" : [ \"123456\" ],\r\n  \"email\" : [ \"17915512@qq.com\" ],\r\n  \"phonenumber\" : [ \"13455265880\" ],\r\n  \"sex\" : [ \"0\" ],\r\n  \"status\" : [ \"0\" ],\r\n  \"roleIds\" : [ \"\" ],',0,NULL,'2020-04-20 16:31:55'),(2,'å²—ä½ç®¡ç†',1,'com.dongzhe.web.controller.system.SysPostController.addSave()',1,'admin','è´¨é‡éƒ¨','/system/post/add','127.0.0.1','å†…ç½‘IP','{\r\n  \"postName\" : [ \"å¼€å‘å²—\" ],\r\n  \"postCode\" : [ \"ope\" ],\r\n  \"postSort\" : [ \"3\" ],\r\n  \"status\" : [ \"0\" ],\r\n  \"remark\" : [ \"æŠ€æœ¯å¼€å‘å²—\" ]\r\n}',0,NULL,'2020-04-20 16:32:44'),(3,'ç”¨æˆ·ç®¡ç†',2,'com.dongzhe.web.controller.system.SysUserController.editSave()',1,'admin','è´¨é‡éƒ¨','/system/user/edit','127.0.0.1','å†…ç½‘IP','{\r\n  \"userId\" : [ \"121\" ],\r\n  \"deptId\" : [ \"108\" ],\r\n  \"userName\" : [ \"ä»²å´‡åˆ©\" ],\r\n  \"email\" : [ \"17915512@qq.com\" ],\r\n  \"phonenumber\" : [ \"13455265880\" ],\r\n  \"sex\" : [ \"0\" ],\r\n  \"status\" : [ \"0\" ],\r\n  \"roleIds\" : [ \"\" ],\r\n  \"postIds\" : [ \"9\" ]\r\n}',0,NULL,'2020-04-20 16:33:01'),(4,'ç”¨æˆ·ç®¡ç†',2,'com.dongzhe.web.controller.system.SysUserController.editSave()',1,'admin','è´¨é‡éƒ¨','/system/user/edit','127.0.0.1','å†…ç½‘IP','{\r\n  \"userId\" : [ \"121\" ],\r\n  \"deptId\" : [ \"108\" ],\r\n  \"userName\" : [ \"ä»²å´‡åˆ©\" ],\r\n  \"email\" : [ \"17915512@qq.com\" ],\r\n  \"phonenumber\" : [ \"13455265880\" ],\r\n  \"sex\" : [ \"0\" ],\r\n  \"status\" : [ \"0\" ],\r\n  \"roleIds\" : [ \"\" ],\r\n  \"postIds\" : [ \"9\" ]\r\n}',0,NULL,'2020-04-20 16:33:04'),(5,'è§’è‰²ç®¡ç†',1,'com.dongzhe.web.controller.system.SysRoleController.addSave()',1,'admin','è´¨é‡éƒ¨','/system/role/add','127.0.0.1','å†…ç½‘IP','{\r\n  \"roleName\" : [ \"ç‰©æµç»ç†\" ],\r\n  \"roleKey\" : [ \"wl\" ],\r\n  \"roleSort\" : [ \"1\" ],\r\n  \"status\" : [ \"0\" ],\r\n  \"remark\" : [ \"ç‰©æµç»ç†\" ],\r\n  \"menuIds\" : [ \"\" ]\r\n}',0,NULL,'2020-04-20 16:34:05'),(6,'è§’è‰²ç®¡ç†',1,'com.dongzhe.web.controller.system.SysRoleController.addSave()',1,'admin','è´¨é‡éƒ¨','/system/role/add','127.0.0.1','å†…ç½‘IP','{\r\n  \"roleName\" : [ \"ç‰©æµå‘˜\" ],\r\n  \"roleKey\" : [ \"wly\" ],\r\n  \"roleSort\" : [ \"6\" ],\r\n  \"status\" : [ \"0\" ],\r\n  \"remark\" : [ \"\" ],\r\n  \"menuIds\" : [ \"\" ]\r\n}',0,NULL,'2020-04-20 16:34:47'),(7,'è§’è‰²ç®¡ç†',2,'com.dongzhe.web.controller.system.SysRoleController.editSave()',1,'admin','è´¨é‡éƒ¨','/system/role/edit','127.0.0.1','å†…ç½‘IP','{\r\n  \"roleId\" : [ \"19\" ],\r\n  \"roleName\" : [ \"ç‰©æµç»ç†\" ],\r\n  \"roleKey\" : [ \"wl\" ],\r\n  \"roleSort\" : [ \"5\" ],\r\n  \"status\" : [ \"0\" ],\r\n  \"remark\" : [ \"ç‰©æµç»ç†\" ],\r\n  \"menuIds\" : [ \"\" ]\r\n}',0,NULL,'2020-04-20 16:34:51'),(8,'ç”¨æˆ·ç®¡ç†',2,'com.dongzhe.web.controller.system.SysUserController.editSave()',1,'admin','è´¨é‡éƒ¨','/system/user/edit','127.0.0.1','å†…ç½‘IP','{\r\n  \"userId\" : [ \"121\" ],\r\n  \"deptId\" : [ \"108\" ],\r\n  \"userName\" : [ \"ä»²å´‡åˆ©\" ],\r\n  \"email\" : [ \"17915512@qq.com\" ],\r\n  \"phonenumber\" : [ \"13455265880\" ],\r\n  \"sex\" : [ \"0\" ],\r\n  \"status\" : [ \"0\" ],\r\n  \"roleIds\" : [ \"20\" ],\r\n  \"postIds\" : [ \"9\" ]\r\n}',0,NULL,'2020-04-20 16:35:09'),(9,'å²—ä½ç®¡ç†',1,'com.dongzhe.web.controller.system.SysPostController.addSave()',1,'admin','è´¨é‡éƒ¨','/system/post/add','127.0.0.1','å†…ç½‘IP','{\r\n  \"postName\" : [ \"ç‰©æµå‘˜\" ],\r\n  \"postCode\" : [ \"wl\" ],\r\n  \"postSort\" : [ \"4\" ],\r\n  \"status\" : [ \"0\" ],\r\n  \"remark\" : [ \"\" ]\r\n}',0,NULL,'2020-04-20 16:35:31'),(10,'ç”¨æˆ·ç®¡ç†',2,'com.dongzhe.web.controller.system.SysUserController.editSave()',1,'admin','è´¨é‡éƒ¨','/system/user/edit','127.0.0.1','å†…ç½‘IP','{\r\n  \"userId\" : [ \"121\" ],\r\n  \"deptId\" : [ \"108\" ],\r\n  \"userName\" : [ \"ä»²å´‡åˆ©\" ],\r\n  \"email\" : [ \"17915512@qq.com\" ],\r\n  \"phonenumber\" : [ \"13455265880\" ],\r\n  \"sex\" : [ \"0\" ],\r\n  \"status\" : [ \"0\" ],\r\n  \"roleIds\" : [ \"20\" ],\r\n  \"postIds\" : [ \"10\" ]\r\n}',0,NULL,'2020-04-20 16:35:44'),(11,'ç”¨æˆ·ç®¡ç†',1,'com.dongzhe.web.controller.system.SysUserController.addSave()',1,'admin','è´¨é‡éƒ¨','/system/user/add','127.0.0.1','å†…ç½‘IP','{\r\n  \"deptId\" : [ \"109\" ],\r\n  \"loginName\" : [ \"zcl\" ],\r\n  \"userName\" : [ \"zhongcl\" ],\r\n  \"password\" : [ \"123456\" ],\r\n  \"email\" : [ \"sd_zcl@163.com\" ],\r\n  \"phonenumber\" : [ \"13455265881\" ],\r\n  \"sex\" : [ \"0\" ],\r\n  \"status\" : [ \"0\" ],\r\n  \"roleIds\" : [ \"19\" ]',0,NULL,'2020-04-20 16:36:52'),(12,'éƒ¨é—¨ç®¡ç†',1,'com.dongzhe.web.controller.system.SysDeptController.addSave()',1,'admin','è´¨é‡éƒ¨','/system/dept/add','127.0.0.1','å†…ç½‘IP','{\r\n  \"parentId\" : [ \"102\" ],\r\n  \"deptName\" : [ \"ç‰©æµéƒ¨é—¨\" ],\r\n  \"orderNum\" : [ \"3\" ],\r\n  \"leader\" : [ \"å¼ ä¸‰\" ],\r\n  \"phone\" : [ \"13800138000\" ],\r\n  \"email\" : [ \"13800138000@139.com\" ],\r\n  \"status\" : [ \"0\" ]\r\n}',0,NULL,'2020-04-20 16:37:39'),(13,'ç”¨æˆ·ç®¡ç†',2,'com.dongzhe.web.controller.system.SysUserController.editSave()',1,'admin','è´¨é‡éƒ¨','/system/user/edit','127.0.0.1','å†…ç½‘IP','{\r\n  \"userId\" : [ \"122\" ],\r\n  \"deptId\" : [ \"127\" ],\r\n  \"userName\" : [ \"zhongcl\" ],\r\n  \"email\" : [ \"sd_zcl@163.com\" ],\r\n  \"phonenumber\" : [ \"13455265881\" ],\r\n  \"sex\" : [ \"0\" ],\r\n  \"status\" : [ \"0\" ],\r\n  \"roleIds\" : [ \"19\" ],\r\n  \"postIds\" : [ \"10\" ]\r\n}',0,NULL,'2020-04-20 16:38:03'),(14,'èœå•ç®¡ç†',3,'com.dongzhe.web.controller.system.SysMenuController.remove()',1,'admin','è´¨é‡éƒ¨é—¨','/system/menu/remove/117','127.0.0.1','å†…ç½‘IP','{ }',0,NULL,'2020-04-22 09:07:52'),(15,'èœå•ç®¡ç†',3,'com.dongzhe.web.controller.system.SysMenuController.remove()',1,'admin','è´¨é‡éƒ¨é—¨','/system/menu/remove/116','127.0.0.1','å†…ç½‘IP','{ }',0,NULL,'2020-04-22 09:08:00'),(16,'èœå•ç®¡ç†',3,'com.dongzhe.web.controller.system.SysMenuController.remove()',1,'admin','è´¨é‡éƒ¨é—¨','/system/menu/remove/4','127.0.0.1','å†…ç½‘IP','{ }',0,NULL,'2020-04-22 09:08:12'),(17,'èœå•ç®¡ç†',1,'com.dongzhe.web.controller.system.SysMenuController.addSave()',1,'admin','è´¨é‡éƒ¨é—¨','/system/menu/add','127.0.0.1','å†…ç½‘IP','{\r\n  \"parentId\" : [ \"0\" ],\r\n  \"menuType\" : [ \"M\" ],\r\n  \"menuName\" : [ \"å…¬å‘Šç®¡ç†\" ],\r\n  \"url\" : [ \"\" ],\r\n  \"perms\" : [ \"\" ],\r\n  \"orderNum\" : [ \"4\" ],\r\n  \"icon\" : [ \"fa fa-bell-o\" ],\r\n  \"visible\" : [ \"0\" ]\r\n}',0,NULL,'2020-04-22 09:09:06'),(18,'èœå•ç®¡ç†',1,'com.dongzhe.web.controller.system.SysMenuController.addSave()',1,'admin','è´¨é‡éƒ¨é—¨','/system/menu/add','127.0.0.1','å†…ç½‘IP','{\r\n  \"parentId\" : [ \"0\" ],\r\n  \"menuType\" : [ \"M\" ],\r\n  \"menuName\" : [ \"æŠ¥è¡¨æ•°æ®æº\" ],\r\n  \"url\" : [ \"\" ],\r\n  \"perms\" : [ \"\" ],\r\n  \"orderNum\" : [ \"1\" ],\r\n  \"icon\" : [ \"fa fa-cubes\" ],\r\n  \"visible\" : [ \"0\" ]\r\n}',0,NULL,'2020-04-22 09:10:56'),(19,'èœå•ç®¡ç†',1,'com.dongzhe.web.controller.system.SysMenuController.addSave()',1,'admin','è´¨é‡éƒ¨é—¨','/system/menu/add','127.0.0.1','å†…ç½‘IP','{\r\n  \"parentId\" : [ \"1268\" ],\r\n  \"menuType\" : [ \"C\" ],\r\n  \"menuName\" : [ \"æ•°æ®æºç®¡ç†\" ],\r\n  \"url\" : [ \"\" ],\r\n  \"perms\" : [ \"\" ],\r\n  \"orderNum\" : [ \"1\" ],\r\n  \"icon\" : [ \"\" ],\r\n  \"visible\" : [ \"0\" ]\r\n}',0,NULL,'2020-04-22 09:11:28'),(20,'èœå•ç®¡ç†',1,'com.dongzhe.web.controller.system.SysMenuController.addSave()',1,'admin','è´¨é‡éƒ¨é—¨','/system/menu/add','127.0.0.1','å†…ç½‘IP','{\r\n  \"parentId\" : [ \"1268\" ],\r\n  \"menuType\" : [ \"C\" ],\r\n  \"menuName\" : [ \"æ•°æ®æºæµ‹è¯•\" ],\r\n  \"url\" : [ \"/client/test\" ],\r\n  \"perms\" : [ \"client:test\" ],\r\n  \"orderNum\" : [ \"1\" ],\r\n  \"icon\" : [ \"\" ],\r\n  \"visible\" : [ \"0\" ]\r\n}',0,NULL,'2020-04-22 09:12:14'),(21,'èœå•ç®¡ç†',2,'com.dongzhe.web.controller.system.SysMenuController.editSave()',1,'admin','è´¨é‡éƒ¨é—¨','/system/menu/edit','127.0.0.1','å†…ç½‘IP','{\r\n  \"menuId\" : [ \"1270\" ],\r\n  \"parentId\" : [ \"1268\" ],\r\n  \"menuType\" : [ \"C\" ],\r\n  \"menuName\" : [ \"æ•°æ®æºæµ‹è¯•\" ],\r\n  \"url\" : [ \"/client/test\" ],\r\n  \"perms\" : [ \"client:test:view\" ],\r\n  \"orderNum\" : [ \"1\" ],\r\n  \"icon\" : [ \"#\" ],\r\n  \"visible\" : [ \"0\" ]\r\n}',0,NULL,'2020-04-22 09:12:27'),(22,'è§’è‰²ç®¡ç†',2,'com.dongzhe.web.controller.system.SysRoleController.editSave()',1,'admin','è´¨é‡éƒ¨é—¨','/system/role/edit','127.0.0.1','å†…ç½‘IP','{\r\n  \"roleId\" : [ \"1\" ],\r\n  \"roleName\" : [ \"ç®¡ç†å‘˜\" ],\r\n  \"roleKey\" : [ \"admin\" ],\r\n  \"roleSort\" : [ \"1\" ],\r\n  \"status\" : [ \"0\" ],\r\n  \"remark\" : [ \"ç®¡ç†å‘˜\" ],\r\n  \"menuIds\" : [ \"107,1034,1035,1036,1037,1268,1269,1270,1,100,1000,1001,1002,1003,1004,1005,101,1006,',0,NULL,'2020-04-22 09:13:27'),(23,'èœå•ç®¡ç†',1,'com.dongzhe.web.controller.system.SysMenuController.addSave()',1,'admin',NULL,'/system/menu/add','127.0.0.1','å†…ç½‘IP','{\r\n  \"parentId\" : [ \"1270\" ],\r\n  \"menuType\" : [ \"F\" ],\r\n  \"menuName\" : [ \"æŸ¥è¯¢\" ],\r\n  \"url\" : [ \"\" ],\r\n  \"perms\" : [ \"client:test:list\" ],\r\n  \"orderNum\" : [ \"1\" ],\r\n  \"icon\" : [ \"\" ],\r\n  \"visible\" : [ \"0\" ]\r\n}',0,NULL,'2020-04-22 09:26:35'),(24,'èœå•ç®¡ç†',2,'com.dongzhe.web.controller.system.SysMenuController.editSave()',1,'admin','è´¨é‡éƒ¨é—¨','/system/menu/edit','127.0.0.1','å†…ç½‘IP','{\r\n  \"menuId\" : [ \"1269\" ],\r\n  \"parentId\" : [ \"1268\" ],\r\n  \"menuType\" : [ \"C\" ],\r\n  \"menuName\" : [ \"æ•°æ®æºç®¡ç†\" ],\r\n  \"url\" : [ \"/client/datasource\" ],\r\n  \"perms\" : [ \"\" ],\r\n  \"orderNum\" : [ \"1\" ],\r\n  \"icon\" : [ \"#\" ],\r\n  \"visible\" : [ \"0\" ]\r\n}',0,NULL,'2020-04-22 15:45:21'),(25,'èœå•ç®¡ç†',2,'com.dongzhe.web.controller.system.SysMenuController.editSave()',1,'admin','è´¨é‡éƒ¨é—¨','/system/menu/edit','127.0.0.1','å†…ç½‘IP','{\r\n  \"menuId\" : [ \"1269\" ],\r\n  \"parentId\" : [ \"1268\" ],\r\n  \"menuType\" : [ \"C\" ],\r\n  \"menuName\" : [ \"æ•°æ®æºç®¡ç†\" ],\r\n  \"url\" : [ \"/client/datasource\" ],\r\n  \"perms\" : [ \"client:datasource:view\" ],\r\n  \"orderNum\" : [ \"1\" ],\r\n  \"icon\" : [ \"#\" ],\r\n  \"visible\" : [ \"0',0,NULL,'2020-04-22 15:45:54'),(26,'èœå•ç®¡ç†',1,'com.dongzhe.web.controller.system.SysMenuController.addSave()',1,'admin','è´¨é‡éƒ¨é—¨','/system/menu/add','127.0.0.1','å†…ç½‘IP','{\r\n  \"parentId\" : [ \"1269\" ],\r\n  \"menuType\" : [ \"F\" ],\r\n  \"menuName\" : [ \"æŸ¥è¯¢\" ],\r\n  \"url\" : [ \"\" ],\r\n  \"perms\" : [ \"client:datasource:list\" ],\r\n  \"orderNum\" : [ \"1\" ],\r\n  \"icon\" : [ \"\" ],\r\n  \"visible\" : [ \"0\" ]\r\n}',0,NULL,'2020-04-22 15:46:21'),(27,'èœå•ç®¡ç†',1,'com.dongzhe.web.controller.system.SysMenuController.addSave()',1,'admin','è´¨é‡éƒ¨é—¨','/system/menu/add','127.0.0.1','å†…ç½‘IP','{\r\n  \"parentId\" : [ \"1269\" ],\r\n  \"menuType\" : [ \"F\" ],\r\n  \"menuName\" : [ \"ä¿®æ”¹\" ],\r\n  \"url\" : [ \"\" ],\r\n  \"perms\" : [ \"client:datasource:edit\" ],\r\n  \"orderNum\" : [ \"2\" ],\r\n  \"icon\" : [ \"\" ],\r\n  \"visible\" : [ \"0\" ]\r\n}',0,NULL,'2020-04-22 15:47:11'),(28,'èœå•ç®¡ç†',1,'com.dongzhe.web.controller.system.SysMenuController.addSave()',1,'admin','è´¨é‡éƒ¨é—¨','/system/menu/add','127.0.0.1','å†…ç½‘IP','{\r\n  \"parentId\" : [ \"1269\" ],\r\n  \"menuType\" : [ \"F\" ],\r\n  \"menuName\" : [ \"åˆ é™¤\" ],\r\n  \"url\" : [ \"\" ],\r\n  \"perms\" : [ \"client:datasource:remove\" ],\r\n  \"orderNum\" : [ \"3\" ],\r\n  \"icon\" : [ \"\" ],\r\n  \"visible\" : [ \"0\" ]\r\n}',0,NULL,'2020-04-22 15:47:34'),(29,'èœå•ç®¡ç†',1,'com.dongzhe.web.controller.system.SysMenuController.addSave()',1,'admin','è´¨é‡éƒ¨é—¨','/system/menu/add','127.0.0.1','å†…ç½‘IP','{\r\n  \"parentId\" : [ \"1269\" ],\r\n  \"menuType\" : [ \"F\" ],\r\n  \"menuName\" : [ \"æ–°å¢\" ],\r\n  \"url\" : [ \"\" ],\r\n  \"perms\" : [ \"client:datasource:add\" ],\r\n  \"orderNum\" : [ \"2\" ],\r\n  \"icon\" : [ \"\" ],\r\n  \"visible\" : [ \"0\" ]\r\n}',0,NULL,'2020-04-22 15:48:04'),(30,'èœå•ç®¡ç†',2,'com.dongzhe.web.controller.system.SysMenuController.editSave()',1,'admin','è´¨é‡éƒ¨é—¨','/system/menu/edit','127.0.0.1','å†…ç½‘IP','{\r\n  \"menuId\" : [ \"1273\" ],\r\n  \"parentId\" : [ \"1269\" ],\r\n  \"menuType\" : [ \"F\" ],\r\n  \"menuName\" : [ \"ä¿®æ”¹\" ],\r\n  \"url\" : [ \"#\" ],\r\n  \"perms\" : [ \"client:datasource:edit\" ],\r\n  \"orderNum\" : [ \"3\" ],\r\n  \"icon\" : [ \"#\" ],\r\n  \"visible\" : [ \"0\" ]\r\n}',0,NULL,'2020-04-22 15:48:15'),(31,'èœå•ç®¡ç†',2,'com.dongzhe.web.controller.system.SysMenuController.editSave()',1,'admin','è´¨é‡éƒ¨é—¨','/system/menu/edit','127.0.0.1','å†…ç½‘IP','{\r\n  \"menuId\" : [ \"1274\" ],\r\n  \"parentId\" : [ \"1269\" ],\r\n  \"menuType\" : [ \"F\" ],\r\n  \"menuName\" : [ \"åˆ é™¤\" ],\r\n  \"url\" : [ \"#\" ],\r\n  \"perms\" : [ \"client:datasource:remove\" ],\r\n  \"orderNum\" : [ \"4\" ],\r\n  \"icon\" : [ \"#\" ],\r\n  \"visible\" : [ \"0\" ]\r\n}',0,NULL,'2020-04-22 15:48:21'),(32,'è§’è‰²ç®¡ç†',2,'com.dongzhe.web.controller.system.SysRoleController.editSave()',1,'admin','è´¨é‡éƒ¨é—¨','/system/role/edit','127.0.0.1','å†…ç½‘IP','{\r\n  \"roleId\" : [ \"1\" ],\r\n  \"roleName\" : [ \"ç®¡ç†å‘˜\" ],\r\n  \"roleKey\" : [ \"admin\" ],\r\n  \"roleSort\" : [ \"1\" ],\r\n  \"status\" : [ \"0\" ],\r\n  \"remark\" : [ \"ç®¡ç†å‘˜\" ],\r\n  \"menuIds\" : [ \"107,1034,1035,1036,1037,1268,1269,1272,1275,1273,1274,1270,1271,1,100,1000,1001,1002',0,NULL,'2020-04-22 15:48:47'),(33,'æ•°æ®æºç®¡ç†',1,'com.dongzhe.web.controller.client.DbInfoController.addSave()',1,'admin','è´¨é‡éƒ¨é—¨','/client/datasource/add','127.0.0.1','å†…ç½‘IP','{\r\n  \"id\" : [ \"\" ],\r\n  \"dbType\" : [ \"mysql\" ],\r\n  \"dbIp\" : [ \"localhost\" ],\r\n  \"dbPort\" : [ \"3306\" ],\r\n  \"dbUser\" : [ \"guorun\" ],\r\n  \"dbPasswd\" : [ \"er3456t8.\" ]\r\n}',0,NULL,'2020-04-22 16:25:53'),(34,'æ•°æ®æºç®¡ç†',3,'com.dongzhe.web.controller.client.DbInfoController.remove()',1,'admin','è´¨é‡éƒ¨é—¨','/client/datasource/remove/5','127.0.0.1','å†…ç½‘IP','{ }',0,NULL,'2020-04-22 16:26:10'),(35,'æ•°æ®æºç®¡ç†',1,'com.dongzhe.web.controller.client.DbInfoController.addSave()',1,'admin','è´¨é‡éƒ¨é—¨','/client/datasource/add','127.0.0.1','å†…ç½‘IP','{\r\n  \"id\" : [ \"\" ],\r\n  \"dbType\" : [ \"mysql\" ],\r\n  \"dbIp\" : [ \"localhost\" ],\r\n  \"dbPort\" : [ \"3306\" ],\r\n  \"dbUser\" : [ \"root\" ],\r\n  \"dbPasswd\" : [ \"er3456t8.\" ],\r\n  \"dbName\" : [ \"guorun\" ]\r\n}',0,NULL,'2020-04-22 16:36:17'),(36,'æ•°æ®æºç®¡ç†',3,'com.dongzhe.web.controller.client.DbInfoController.remove()',1,'admin','è´¨é‡éƒ¨é—¨','/client/datasource/remove/6','127.0.0.1','å†…ç½‘IP','{ }',0,NULL,'2020-04-22 16:38:45'),(37,'æ•°æ®æºç®¡ç†',1,'com.dongzhe.web.controller.client.DbInfoController.addSave()',1,'admin','è´¨é‡éƒ¨é—¨','/client/datasource/add','127.0.0.1','å†…ç½‘IP','{\r\n  \"id\" : [ \"\" ],\r\n  \"name\" : [ \"æµ‹è¯•\" ],\r\n  \"dbType\" : [ \"mysql\" ],\r\n  \"dbIp\" : [ \"127.0.0.1\" ],\r\n  \"dbPort\" : [ \"3306\" ],\r\n  \"dbUser\" : [ \"root\" ],\r\n  \"dbPasswd\" : [ \"er3456t8.\" ],\r\n  \"dbName\" : [ \"guorun\" ]\r\n}',0,NULL,'2020-04-22 16:39:18'),(38,'æ•°æ®æºç®¡ç†',1,'com.dongzhe.web.controller.client.DbInfoController.addSave()',1,'admin','è´¨é‡éƒ¨é—¨','/client/datasource/add','127.0.0.1','å†…ç½‘IP','{\r\n  \"id\" : [ \"\" ],\r\n  \"name\" : [ \"æµ‹è¯•\" ],\r\n  \"dbType\" : [ \"mysql\" ],\r\n  \"dbIp\" : [ \"\" ],\r\n  \"dbPort\" : [ \"\" ],\r\n  \"dbUser\" : [ \"\" ],\r\n  \"dbPasswd\" : [ \"\" ],\r\n  \"dbName\" : [ \"\" ]\r\n}',0,NULL,'2020-04-22 16:39:40'),(39,'æ•°æ®æºç®¡ç†',3,'com.dongzhe.web.controller.client.DbInfoController.remove()',1,'admin','è´¨é‡éƒ¨é—¨','/client/datasource/remove/8','127.0.0.1','å†…ç½‘IP','{ }',0,NULL,'2020-04-22 16:39:46'),(40,'æ•°æ®æºç®¡ç†',3,'com.dongzhe.web.controller.client.DbInfoController.remove()',1,'admin','è´¨é‡éƒ¨é—¨','/client/datasource/remove/7','127.0.0.1','å†…ç½‘IP','{ }',0,NULL,'2020-04-22 16:40:03'),(41,'æ•°æ®æºç®¡ç†',2,'com.dongzhe.web.controller.client.DbInfoController.editSave()',1,'admin','è´¨é‡éƒ¨é—¨','/client/datasource/edit','127.0.0.1','å†…ç½‘IP','{ }',0,NULL,'2020-04-22 16:53:40'),(42,'æ•°æ®æºç®¡ç†',2,'com.dongzhe.web.controller.client.DbInfoController.editSave()',1,'admin','è´¨é‡éƒ¨é—¨','/client/datasource/edit','127.0.0.1','å†…ç½‘IP','{ }',0,NULL,'2020-04-22 16:53:57'),(43,'æ•°æ®æºç®¡ç†',2,'com.dongzhe.web.controller.client.DbInfoController.editSave()',1,'admin','è´¨é‡éƒ¨é—¨','/client/datasource/edit','127.0.0.1','å†…ç½‘IP','{ }',0,NULL,'2020-04-22 16:56:40'),(44,'æ•°æ®æºç®¡ç†',2,'com.dongzhe.web.controller.client.DbInfoController.editSave()',1,'admin','è´¨é‡éƒ¨é—¨','/client/datasource/edit','127.0.0.1','å†…ç½‘IP','{\r\n  \"id\" : [ \"4\" ],\r\n  \"name\" : [ \"ERPæ•°æ®æºt6\" ],\r\n  \"dbType\" : [ \"mysql\" ],\r\n  \"dbIp\" : [ \"192.168.0.109\" ],\r\n  \"dbPort\" : [ \"1433\" ],\r\n  \"dbUser\" : [ \"sa\" ],\r\n  \"dbPasswd\" : [ \"as\" ],\r\n  \"dbName\" : [ \"dhh\" ]\r\n}',0,NULL,'2020-04-22 16:58:05');

/*Table structure for table `sys_post` */

DROP TABLE IF EXISTS `sys_post`;

CREATE TABLE `sys_post` (
  `post_id` int(11) NOT NULL AUTO_INCREMENT COMMENT 'å²—ä½ID',
  `post_code` varchar(64) NOT NULL COMMENT 'å²—ä½ç¼–ç ',
  `post_name` varchar(50) NOT NULL COMMENT 'å²—ä½åç§°',
  `post_sort` int(4) NOT NULL COMMENT 'æ˜¾ç¤ºé¡ºåº',
  `status` char(1) NOT NULL COMMENT 'çŠ¶æ€ï¼ˆ0æ­£å¸¸ 1åœç”¨ï¼‰',
  `create_by` varchar(64) DEFAULT '' COMMENT 'åˆ›å»ºè€…',
  `create_time` datetime DEFAULT NULL COMMENT 'åˆ›å»ºæ—¶é—´',
  `update_by` varchar(64) DEFAULT '' COMMENT 'æ›´æ–°è€…',
  `update_time` datetime DEFAULT NULL COMMENT 'æ›´æ–°æ—¶é—´',
  `remark` varchar(500) DEFAULT NULL COMMENT 'å¤‡æ³¨',
  PRIMARY KEY (`post_id`) USING BTREE
) ENGINE=InnoDB AUTO_INCREMENT=11 DEFAULT CHARSET=utf8 COMMENT='å²—ä½ä¿¡æ¯è¡¨';

/*Data for the table `sys_post` */

insert  into `sys_post`(`post_id`,`post_code`,`post_name`,`post_sort`,`status`,`create_by`,`create_time`,`update_by`,`update_time`,`remark`) values (1,'ceo','è‘£äº‹é•¿',1,'0','admin','2020-04-20 16:06:22','ry','2018-03-16 11:33:00',''),(2,'seo','é”€å”®å²—',2,'0','admin','2020-04-20 16:06:22','admin','2019-11-29 11:33:59',''),(9,'ope','å¼€å‘å²—',3,'0','admin','2020-04-20 16:32:44','',NULL,'æŠ€æœ¯å¼€å‘å²—'),(10,'wl','ç‰©æµå‘˜',4,'0','admin','2020-04-20 16:35:30','',NULL,NULL);

/*Table structure for table `sys_role` */

DROP TABLE IF EXISTS `sys_role`;

CREATE TABLE `sys_role` (
  `role_id` int(11) NOT NULL AUTO_INCREMENT COMMENT 'è§’è‰²ID',
  `role_name` varchar(30) NOT NULL COMMENT 'è§’è‰²åç§°',
  `role_key` varchar(100) NOT NULL COMMENT 'è§’è‰²æƒé™å­—ç¬¦ä¸²',
  `role_sort` int(4) NOT NULL COMMENT 'æ˜¾ç¤ºé¡ºåº',
  `data_scope` char(1) DEFAULT '1' COMMENT 'æ•°æ®èŒƒå›´ï¼ˆ1ï¼šå…¨éƒ¨æ•°æ®æƒé™ 2ï¼šè‡ªå®šæ•°æ®æƒé™ï¼‰',
  `status` char(1) NOT NULL COMMENT 'è§’è‰²çŠ¶æ€ï¼ˆ0æ­£å¸¸ 1åœç”¨ï¼‰',
  `del_flag` char(1) DEFAULT '0' COMMENT 'åˆ é™¤æ ‡å¿—ï¼ˆ0ä»£è¡¨å­˜åœ¨ 2ä»£è¡¨åˆ é™¤ï¼‰',
  `create_by` varchar(64) DEFAULT '' COMMENT 'åˆ›å»ºè€…',
  `create_time` datetime DEFAULT NULL COMMENT 'åˆ›å»ºæ—¶é—´',
  `update_by` varchar(64) DEFAULT '' COMMENT 'æ›´æ–°è€…',
  `update_time` datetime DEFAULT NULL COMMENT 'æ›´æ–°æ—¶é—´',
  `remark` varchar(500) DEFAULT NULL COMMENT 'å¤‡æ³¨',
  PRIMARY KEY (`role_id`) USING BTREE
) ENGINE=InnoDB AUTO_INCREMENT=21 DEFAULT CHARSET=utf8 COMMENT='è§’è‰²ä¿¡æ¯è¡¨';

/*Data for the table `sys_role` */

insert  into `sys_role`(`role_id`,`role_name`,`role_key`,`role_sort`,`data_scope`,`status`,`del_flag`,`create_by`,`create_time`,`update_by`,`update_time`,`remark`) values (1,'ç®¡ç†å‘˜','admin',1,'1','0','0','admin','2018-03-16 11:33:00','admin','2020-04-22 15:48:47','ç®¡ç†å‘˜'),(2,'æ™®é€šè§’è‰²','common',2,'2','0','2','admin','2018-03-16 11:33:00','admin','2019-08-12 14:48:45','æ™®é€šè§’è‰²'),(13,'é”€å”®äººå‘˜','3',4,'1','0','0','admin','2019-08-02 10:57:14','admin','2020-04-20 15:54:39','é”€å”®äººå‘˜'),(14,'é”€å”®ç»ç†','5',3,'1','0','0','admin','2019-08-02 11:01:17','admin','2020-04-20 15:54:12','é”€å”®ç»ç†'),(19,'ç‰©æµç»ç†','wl',5,'1','0','0','admin','2020-04-20 16:34:05','admin','2020-04-20 16:34:51','ç‰©æµç»ç†'),(20,'ç‰©æµå‘˜','wly',6,'1','0','0','admin','2020-04-20 16:34:47','',NULL,NULL);

/*Table structure for table `sys_role_dept` */

DROP TABLE IF EXISTS `sys_role_dept`;

CREATE TABLE `sys_role_dept` (
  `role_id` int(11) NOT NULL COMMENT 'è§’è‰²ID',
  `dept_id` int(11) NOT NULL COMMENT 'éƒ¨é—¨ID',
  PRIMARY KEY (`role_id`,`dept_id`) USING BTREE
) ENGINE=InnoDB DEFAULT CHARSET=utf8 COMMENT='è§’è‰²å’Œéƒ¨é—¨å…³è”è¡¨';

/*Data for the table `sys_role_dept` */

insert  into `sys_role_dept`(`role_id`,`dept_id`) values (2,100),(2,101),(2,103);

/*Table structure for table `sys_role_menu` */

DROP TABLE IF EXISTS `sys_role_menu`;

CREATE TABLE `sys_role_menu` (
  `role_id` int(11) NOT NULL COMMENT 'è§’è‰²ID',
  `menu_id` int(11) NOT NULL COMMENT 'èœå•ID',
  PRIMARY KEY (`role_id`,`menu_id`) USING BTREE
) ENGINE=InnoDB DEFAULT CHARSET=utf8 COMMENT='è§’è‰²å’Œèœå•å…³è”è¡¨';

/*Data for the table `sys_role_menu` */

insert  into `sys_role_menu`(`role_id`,`menu_id`) values (1,1),(1,2),(1,3),(1,100),(1,101),(1,102),(1,103),(1,104),(1,105),(1,106),(1,107),(1,108),(1,109),(1,110),(1,111),(1,112),(1,113),(1,114),(1,115),(1,500),(1,501),(1,1000),(1,1001),(1,1002),(1,1003),(1,1004),(1,1005),(1,1006),(1,1007),(1,1008),(1,1009),(1,1010),(1,1011),(1,1012),(1,1013),(1,1014),(1,1015),(1,1016),(1,1017),(1,1018),(1,1019),(1,1020),(1,1021),(1,1022),(1,1023),(1,1024),(1,1025),(1,1026),(1,1027),(1,1028),(1,1029),(1,1030),(1,1031),(1,1032),(1,1033),(1,1034),(1,1035),(1,1036),(1,1037),(1,1038),(1,1039),(1,1040),(1,1041),(1,1042),(1,1043),(1,1044),(1,1045),(1,1046),(1,1047),(1,1048),(1,1049),(1,1050),(1,1051),(1,1052),(1,1053),(1,1054),(1,1055),(1,1056),(1,1268),(1,1269),(1,1270),(1,1271),(1,1272),(1,1273),(1,1274),(1,1275),(2,1),(2,2),(2,3),(2,100),(2,101),(2,102),(2,103),(2,104),(2,105),(2,106),(2,107),(2,108),(2,109),(2,110),(2,111),(2,112),(2,113),(2,114),(2,115),(2,500),(2,501),(2,1000),(2,1001),(2,1002),(2,1003),(2,1004),(2,1005),(2,1006),(2,1007),(2,1008),(2,1009),(2,1010),(2,1011),(2,1012),(2,1013),(2,1014),(2,1015),(2,1016),(2,1017),(2,1018),(2,1019),(2,1020),(2,1021),(2,1022),(2,1023),(2,1024),(2,1025),(2,1026),(2,1027),(2,1028),(2,1029),(2,1030),(2,1031),(2,1032),(2,1033),(2,1034),(2,1035),(2,1036),(2,1037),(2,1038),(2,1039),(2,1040),(2,1041),(2,1042),(2,1043),(2,1044),(2,1045),(2,1046),(2,1047),(2,1048),(2,1049),(2,1050),(2,1051),(2,1052),(2,1053),(2,1054),(2,1055),(2,1056),(2,1057),(3,1),(3,100),(3,101),(3,102),(3,103),(3,104),(3,105),(3,106),(3,107),(3,108),(3,500),(3,501),(3,1000),(3,1001),(3,1002),(3,1003),(3,1004),(3,1005),(3,1006),(3,1007),(3,1008),(3,1009),(3,1010),(3,1011),(3,1012),(3,1013),(3,1014),(3,1015),(3,1016),(3,1017),(3,1018),(3,1019),(3,1020),(3,1021),(3,1022),(3,1023),(3,1024),(3,1025),(3,1026),(3,1027),(3,1028),(3,1029),(3,1030),(3,1031),(3,1032),(3,1033),(3,1034),(3,1035),(3,1036),(3,1037),(3,1038),(3,1039),(3,1040),(3,1041),(3,1042),(3,1043),(3,1044),(18,1105),(18,1106),(18,1107),(18,1108),(18,1109),(18,1110),(18,1111),(18,1112),(18,1113),(18,1114),(18,1115),(18,1116),(18,1117),(18,1118),(18,1119),(18,1120),(18,1152),(18,1153),(18,1154),(18,1155),(18,1156),(18,1158),(18,1196),(18,1197),(18,1198),(18,1200),(18,1201),(18,1202),(18,1203),(18,1204);

/*Table structure for table `sys_user` */

DROP TABLE IF EXISTS `sys_user`;

CREATE TABLE `sys_user` (
  `user_id` int(11) NOT NULL AUTO_INCREMENT COMMENT 'ç”¨æˆ·ID',
  `dept_id` int(11) DEFAULT NULL COMMENT 'éƒ¨é—¨ID',
  `login_name` varchar(30) NOT NULL COMMENT 'ç™»å½•è´¦å·',
  `user_name` varchar(30) NOT NULL COMMENT 'ç”¨æˆ·æ˜µç§°',
  `user_type` varchar(2) DEFAULT '00' COMMENT 'ç”¨æˆ·ç±»å‹ï¼ˆ00ç³»ç»Ÿç”¨æˆ·ï¼‰',
  `email` varchar(50) DEFAULT '' COMMENT 'ç”¨æˆ·é‚®ç®±',
  `phonenumber` varchar(11) DEFAULT '' COMMENT 'æ‰‹æœºå·ç ',
  `sex` char(1) DEFAULT '0' COMMENT 'ç”¨æˆ·æ€§åˆ«ï¼ˆ0ç”· 1å¥³ 2æœªçŸ¥ï¼‰',
  `avatar` varchar(100) DEFAULT '' COMMENT 'å¤´åƒè·¯å¾„',
  `password` varchar(50) DEFAULT '' COMMENT 'å¯†ç ',
  `salt` varchar(20) DEFAULT '' COMMENT 'ç›åŠ å¯†',
  `status` char(1) DEFAULT '0' COMMENT 'å¸å·çŠ¶æ€ï¼ˆ0æ­£å¸¸ 1åœç”¨ï¼‰',
  `del_flag` char(1) DEFAULT '0' COMMENT 'åˆ é™¤æ ‡å¿—ï¼ˆ0ä»£è¡¨å­˜åœ¨ 2ä»£è¡¨åˆ é™¤ï¼‰',
  `login_ip` varchar(50) DEFAULT '' COMMENT 'æœ€åç™»é™†IP',
  `login_date` datetime DEFAULT NULL COMMENT 'æœ€åç™»é™†æ—¶é—´',
  `create_by` varchar(64) DEFAULT '' COMMENT 'åˆ›å»ºè€…',
  `create_time` datetime DEFAULT NULL COMMENT 'åˆ›å»ºæ—¶é—´',
  `update_by` varchar(64) DEFAULT '' COMMENT 'æ›´æ–°è€…',
  `update_time` datetime DEFAULT NULL COMMENT 'æ›´æ–°æ—¶é—´',
  `remark` varchar(500) DEFAULT '' COMMENT 'å¤‡æ³¨',
  `sample_group_id` int(11) DEFAULT NULL COMMENT 'é‡‡æ ·åˆ†ç»„æ ‡è¯†',
  `is_leader` varchar(255) DEFAULT NULL COMMENT 'æ˜¯å¦ç»„é•¿ï¼ˆ1ï¼šæ˜¯ï¼‰',
  PRIMARY KEY (`user_id`) USING BTREE
) ENGINE=InnoDB AUTO_INCREMENT=123 DEFAULT CHARSET=utf8 COMMENT='ç”¨æˆ·ä¿¡æ¯è¡¨';

/*Data for the table `sys_user` */

insert  into `sys_user`(`user_id`,`dept_id`,`login_name`,`user_name`,`user_type`,`email`,`phonenumber`,`sex`,`avatar`,`password`,`salt`,`status`,`del_flag`,`login_ip`,`login_date`,`create_by`,`create_time`,`update_by`,`update_time`,`remark`,`sample_group_id`,`is_leader`) values (1,103,'admin','è¶…çº§ç®¡ç†å‘˜','00','15801590000@qq.com','15801590000','0','2020/02/19/4dc143804aa6caf768fbf3f34b3039c8.jpg','29c67a30398638269fe600f73a054934','111111','0','0','127.0.0.1','2020-04-22 17:23:00','admin','2018-03-16 11:33:00','ry','2020-04-22 17:22:59','ç®¡ç†å‘˜',NULL,NULL),(2,105,'ry','æ™®é€šç®¡ç†å‘˜','00','ry@qq.com','15666666666','1','','29c67a30398638269fe600f73a054934','111111','0','2','127.0.0.1','2018-03-16 11:33:00','admin','2018-03-16 11:33:00','ry','2018-03-16 11:33:00','æµ‹è¯•å‘˜',NULL,NULL),(121,108,'zhongcl','ä»²å´‡åˆ©','00','17915512@qq.com','13455265880','0','','48c40601ef10cc3826d44a3e4e8c849f','7f3916','0','0','127.0.0.1','2020-04-20 16:39:51','admin','2020-04-20 16:31:55','admin','2020-04-20 16:39:50','',NULL,NULL),(122,127,'zcl','zhongcl','00','sd_zcl@163.com','13455265881','0','','332c2c86ff45a3eb146dd5fa79982e60','8c1f8a','0','0','',NULL,'admin','2020-04-20 16:36:52','admin','2020-04-20 16:38:03','',NULL,NULL);

/*Table structure for table `sys_user_online` */

DROP TABLE IF EXISTS `sys_user_online`;

CREATE TABLE `sys_user_online` (
  `sessionId` varchar(50) NOT NULL DEFAULT '' COMMENT 'ç”¨æˆ·ä¼šè¯id',
  `login_name` varchar(50) DEFAULT '' COMMENT 'ç™»å½•è´¦å·',
  `dept_name` varchar(50) DEFAULT '' COMMENT 'éƒ¨é—¨åç§°',
  `ipaddr` varchar(50) DEFAULT '' COMMENT 'ç™»å½•IPåœ°å€',
  `login_location` varchar(255) DEFAULT '' COMMENT 'ç™»å½•åœ°ç‚¹',
  `browser` varchar(50) DEFAULT '' COMMENT 'æµè§ˆå™¨ç±»å‹',
  `os` varchar(50) DEFAULT '' COMMENT 'æ“ä½œç³»ç»Ÿ',
  `status` varchar(10) DEFAULT '' COMMENT 'åœ¨çº¿çŠ¶æ€on_lineåœ¨çº¿off_lineç¦»çº¿',
  `start_timestamp` datetime DEFAULT NULL COMMENT 'sessionåˆ›å»ºæ—¶é—´',
  `last_access_time` datetime DEFAULT NULL COMMENT 'sessionæœ€åè®¿é—®æ—¶é—´',
  `expire_time` int(5) DEFAULT '0' COMMENT 'è¶…æ—¶æ—¶é—´ï¼Œå•ä½ä¸ºåˆ†é’Ÿ',
  PRIMARY KEY (`sessionId`) USING BTREE
) ENGINE=InnoDB DEFAULT CHARSET=utf8 COMMENT='åœ¨çº¿ç”¨æˆ·è®°å½•';

/*Data for the table `sys_user_online` */

insert  into `sys_user_online`(`sessionId`,`login_name`,`dept_name`,`ipaddr`,`login_location`,`browser`,`os`,`status`,`start_timestamp`,`last_access_time`,`expire_time`) values ('77c377eb-2d9e-48e7-b7fb-9e652f8907bd','admin','è´¨é‡éƒ¨é—¨','127.0.0.1','å†…ç½‘IP','Firefox 7','Windows 10','on_line','2020-04-22 17:22:55','2020-04-22 17:26:45',1800000);

/*Table structure for table `sys_user_post` */

DROP TABLE IF EXISTS `sys_user_post`;

CREATE TABLE `sys_user_post` (
  `user_id` int(11) NOT NULL COMMENT 'ç”¨æˆ·ID',
  `post_id` int(11) NOT NULL COMMENT 'å²—ä½ID',
  PRIMARY KEY (`user_id`,`post_id`) USING BTREE
) ENGINE=InnoDB DEFAULT CHARSET=utf8 COMMENT='ç”¨æˆ·ä¸å²—ä½å…³è”è¡¨';

/*Data for the table `sys_user_post` */

insert  into `sys_user_post`(`user_id`,`post_id`) values (1,1),(2,2),(121,10),(122,10);

/*Table structure for table `sys_user_role` */

DROP TABLE IF EXISTS `sys_user_role`;

CREATE TABLE `sys_user_role` (
  `user_id` int(11) NOT NULL COMMENT 'ç”¨æˆ·ID',
  `role_id` int(11) NOT NULL COMMENT 'è§’è‰²ID',
  PRIMARY KEY (`user_id`,`role_id`) USING BTREE
) ENGINE=InnoDB DEFAULT CHARSET=utf8 COMMENT='ç”¨æˆ·å’Œè§’è‰²å…³è”è¡¨';

/*Data for the table `sys_user_role` */

insert  into `sys_user_role`(`user_id`,`role_id`) values (2,3),(3,3),(121,20),(122,19);

/*Table structure for table `user_info` */

DROP TABLE IF EXISTS `user_info`;

CREATE TABLE `user_info` (
  `id` bigint(20) NOT NULL AUTO_INCREMENT,
  `name` varchar(64) DEFAULT NULL,
  `sex` varchar(8) DEFAULT NULL,
  `age` int(11) DEFAULT NULL,
  PRIMARY KEY (`id`)
) ENGINE=InnoDB DEFAULT CHARSET=utf8;

/*Data for the table `user_info` */

/*!40101 SET SQL_MODE=@OLD_SQL_MODE */;
/*!40014 SET FOREIGN_KEY_CHECKS=@OLD_FOREIGN_KEY_CHECKS */;
/*!40014 SET UNIQUE_CHECKS=@OLD_UNIQUE_CHECKS */;
/*!40111 SET SQL_NOTES=@OLD_SQL_NOTES */;
